content_id,title,genre,content_type,release_year,duration_minutes
CT00001,Training Data,Drama,Movie,2024,157
CT00002,Break Garden,Romance,Movie,2010,147
CT00003,Plan Far,Drama,Movie,2015,155
CT00004,Room Culture,Drama,Series,2011,26
CT00005,Into Support,Drama,Movie,2020,116
CT00006,Will Hot,Action,Movie,2020,135
CT00007,Purpose Amount,Sci-Fi,Movie,2015,151
CT00008,Employee Live,Animation,Series,2020,41
CT00009,Total Who,Romance,Series,2016,47
CT00010,Professor Democratic,Romance,Series,2020,66
CT00011,Law Term,Drama,Movie,2010,112
CT00012,Low Region,Documentary,Series,2022,58
CT00013,Discuss Series,Romance,Series,2013,31
CT00014,Theory Might,Documentary,Movie,2026,99
CT00015,Bad Sound,Drama,Movie,2011,134
CT00016,City Beyond,Drama,Movie,2026,87
CT00017,Worker Maybe,Romance,Movie,2025,112
CT00018,Trial Speech,Drama,Movie,2013,102
CT00019,Site Baby,Animation,Series,2025,26
CT00020,Candidate Happy,Animation,Movie,2021,141
CT00021,East Interest,Comedy,Series,2011,29
CT00022,Also Above,Documentary,Series,2022,43
CT00023,Answer Tonight,Drama,Series,2010,66
CT00024,Help Program,Documentary,Movie,2013,115
CT00025,View Form,Animation,Movie,2013,174
CT00026,Important Over,Animation,Movie,2011,84
CT00027,Marriage Pretty,Comedy,Series,2016,26
CT00028,About Course,Documentary,Movie,2018,112
CT00029,Why Share,Documentary,Series,2017,55
CT00030,Beat Since,Drama,Series,2023,47
CT00031,Into Approach,Romance,Series,2021,26
CT00032,With Task,Romance,Movie,2022,98
CT00033,Main Low,Drama,Movie,2019,136
CT00034,Like Chance,Documentary,Movie,2012,92
CT00035,Though Him,Thriller,Movie,2024,110
CT00036,Say Especially,Romance,Series,2018,67
CT00037,Effect Bank,Comedy,Series,2015,65
CT00038,Author Financial,Thriller,Movie,2022,180
CT00039,Media Big,Romance,Series,2012,58
CT00040,Garden Leave,Comedy,Movie,2018,83
CT00041,Lot Provide,Romance,Series,2013,41
CT00042,Charge Than,Animation,Movie,2018,104
CT00043,Significant Respond,Action,Series,2019,46
CT00044,Real Drop,Sci-Fi,Movie,2016,96
CT00045,Data Player,Action,Series,2016,47
CT00046,Partner Car,Sci-Fi,Movie,2023,89
CT00047,Approach Hot,Sci-Fi,Movie,2011,136
CT00048,Eight Him,Thriller,Movie,2019,143
CT00049,Drop Option,Documentary,Movie,2025,180
CT00050,Maybe Seven,Animation,Series,2023,25
CT00051,Place Respond,Animation,Movie,2016,166
CT00052,Listen Capital,Action,Movie,2021,109
CT00053,Old Health,Action,Movie,2024,121
CT00054,Imagine Somebody,Thriller,Movie,2010,106
CT00055,Buy Organization,Romance,Movie,2025,146
CT00056,Too South,Romance,Movie,2020,163
CT00057,Stay Research,Animation,Movie,2014,154
CT00058,Threat Exist,Action,Movie,2024,157
CT00059,Vote Represent,Animation,Movie,2020,87
CT00060,International Culture,Thriller,Movie,2012,152
CT00061,Dog Property,Romance,Movie,2017,129
CT00062,Always List,Romance,Series,2025,69
CT00063,Would Success,Romance,Movie,2011,160
CT00064,Second Let,Romance,Movie,2023,155
CT00065,Education Among,Romance,Series,2011,42
CT00066,Tax Education,Thriller,Movie,2017,153
CT00067,Population Cold,Romance,Movie,2025,117
CT00068,Leg Continue,Animation,Movie,2012,162
CT00069,Your Agree,Romance,Series,2023,45
CT00070,Light Cover,Animation,Movie,2011,156
CT00071,Show Product,Documentary,Movie,2013,129
CT00072,Join Officer,Thriller,Movie,2015,99
CT00073,Town Century,Drama,Movie,2014,152
CT00074,Service Meet,Comedy,Series,2023,29
CT00075,Leader Picture,Sci-Fi,Series,2018,39
CT00076,Time Indeed,Sci-Fi,Movie,2024,81
CT00077,Note Material,Drama,Movie,2020,121
CT00078,Professional Bag,Drama,Movie,2019,151
CT00079,Medical Magazine,Animation,Movie,2014,164
CT00080,Protect Game,Action,Movie,2026,86
CT00081,Prepare Structure,Action,Movie,2019,174
CT00082,Popular Movement,Drama,Series,2016,48
CT00083,Produce Anything,Thriller,Movie,2025,110
CT00084,Determine Race,Sci-Fi,Movie,2026,134
CT00085,Believe Kind,Documentary,Movie,2018,125
CT00086,Decision Market,Romance,Series,2020,45
CT00087,Various Watch,Documentary,Series,2018,25
CT00088,From Challenge,Action,Movie,2024,90
CT00089,National Doctor,Sci-Fi,Series,2019,52
CT00090,Discuss Than,Drama,Series,2019,61
CT00091,Soldier Apply,Action,Movie,2016,137
CT00092,Remember Evening,Thriller,Series,2023,67
CT00093,Thus Also,Action,Series,2016,68
CT00094,Different Popular,Animation,Movie,2021,113
CT00095,Follow Six,Sci-Fi,Movie,2026,86
CT00096,Too Benefit,Action,Movie,2020,171
CT00097,Spring Learn,Sci-Fi,Movie,2015,141
CT00098,Lawyer Indeed,Drama,Movie,2020,168
CT00099,Board Eight,Sci-Fi,Series,2024,36
CT00100,Letter Fall,Comedy,Movie,2026,158
CT00101,Contain Throw,Thriller,Movie,2013,155
CT00102,He Always,Comedy,Movie,2014,167
CT00103,Company Hotel,Animation,Series,2017,24
CT00104,Collection Part,Sci-Fi,Series,2025,68
CT00105,Pattern Role,Comedy,Movie,2016,95
CT00106,Cultural Serve,Animation,Series,2018,43
CT00107,Chance While,Thriller,Series,2017,42
CT00108,Peace Land,Documentary,Series,2010,32
CT00109,Item None,Romance,Series,2010,59
CT00110,Medical Mother,Thriller,Movie,2017,83
CT00111,Arm Center,Action,Series,2026,27
CT00112,Group Report,Sci-Fi,Series,2022,42
CT00113,Source Win,Romance,Series,2015,56
CT00114,Individual Treat,Romance,Series,2020,59
CT00115,Discussion For,Documentary,Series,2014,48
CT00116,Summer Action,Action,Movie,2011,104
CT00117,Treat Skin,Documentary,Movie,2010,131
CT00118,Director Opportunity,Documentary,Movie,2025,117
CT00119,His Place,Animation,Series,2019,34
CT00120,Call Spring,Thriller,Series,2010,70
CT00121,Maybe To,Comedy,Movie,2026,121
CT00122,Least Conference,Comedy,Series,2013,67
CT00123,Political Sound,Animation,Series,2010,21
CT00124,After Simply,Documentary,Series,2023,61
CT00125,Open Minute,Drama,Series,2023,50
CT00126,Structure Leader,Romance,Series,2017,22
CT00127,Beautiful Public,Drama,Series,2025,67
CT00128,Million Pattern,Sci-Fi,Movie,2015,94
CT00129,Night Ground,Comedy,Movie,2025,160
CT00130,Management Believe,Thriller,Movie,2023,159
CT00131,Growth Able,Comedy,Movie,2021,100
CT00132,Only Present,Thriller,Movie,2011,176
CT00133,Bit Green,Comedy,Series,2015,57
CT00134,Page Single,Thriller,Movie,2020,127
CT00135,Than Senior,Romance,Series,2015,20
CT00136,All Office,Documentary,Movie,2020,161
CT00137,Store Lose,Thriller,Movie,2011,125
CT00138,Know Show,Drama,Movie,2025,85
CT00139,Everybody Adult,Drama,Movie,2017,146
CT00140,Staff Interest,Thriller,Series,2021,46
CT00141,If But,Action,Series,2010,70
CT00142,Parent Certain,Comedy,Movie,2021,129
CT00143,Ground You,Thriller,Movie,2025,90
CT00144,Research Late,Sci-Fi,Series,2013,20
CT00145,Scientist Mrs,Thriller,Series,2022,58
CT00146,Realize Sense,Drama,Movie,2026,93
CT00147,Ten None,Comedy,Movie,2021,173
CT00148,Stay Participant,Comedy,Movie,2026,168
CT00149,Senior Young,Documentary,Series,2020,47
CT00150,Eye Nor,Animation,Movie,2021,126
CT00151,Happen Once,Sci-Fi,Movie,2024,84
CT00152,Look Parent,Comedy,Movie,2020,116
CT00153,Environment Human,Action,Movie,2019,160
CT00154,Turn Number,Documentary,Movie,2026,161
CT00155,On Time,Comedy,Series,2022,59
CT00156,Suggest Anything,Action,Movie,2018,105
CT00157,Drop Energy,Romance,Movie,2018,153
CT00158,Tough Build,Sci-Fi,Movie,2011,166
CT00159,Rate Often,Drama,Movie,2016,169
CT00160,Impact Small,Comedy,Series,2021,53
CT00161,Name Heavy,Documentary,Movie,2014,86
CT00162,Despite Hospital,Thriller,Series,2024,70
CT00163,Role Budget,Comedy,Series,2026,42
CT00164,Remain Purpose,Animation,Movie,2014,80
CT00165,Else Lay,Thriller,Series,2021,39
CT00166,Serious Sometimes,Action,Series,2024,70
CT00167,Case Improve,Thriller,Movie,2026,119
CT00168,Avoid Beautiful,Animation,Movie,2025,101
CT00169,Pass Remember,Drama,Series,2023,25
CT00170,Threat President,Comedy,Series,2026,53
CT00171,Strategy Wear,Drama,Movie,2015,120
CT00172,Federal General,Thriller,Movie,2023,94
CT00173,Item Safe,Action,Movie,2023,96
CT00174,Condition Would,Documentary,Movie,2015,86
CT00175,Late Special,Documentary,Movie,2021,111
CT00176,Very All,Animation,Movie,2011,162
CT00177,Suffer Maybe,Drama,Series,2019,44
CT00178,Media Improve,Animation,Movie,2021,98
CT00179,Certainly Over,Drama,Movie,2022,134
CT00180,Think Artist,Romance,Movie,2017,122
CT00181,Agency Popular,Comedy,Series,2023,68
CT00182,Agent Break,Drama,Movie,2026,108
CT00183,Wide Boy,Sci-Fi,Series,2026,33
CT00184,Indeed Challenge,Romance,Movie,2021,128
CT00185,Involve Well,Action,Movie,2015,122
CT00186,Yeah Agree,Drama,Movie,2019,134
CT00187,Range Actually,Documentary,Series,2017,38
CT00188,Protect Hit,Sci-Fi,Movie,2019,111
CT00189,Will Side,Action,Movie,2023,135
CT00190,Dream Artist,Thriller,Movie,2018,152
CT00191,Investment Individual,Thriller,Movie,2023,112
CT00192,Mrs Real,Action,Movie,2013,162
CT00193,Feel Group,Comedy,Movie,2019,102
CT00194,Maintain Happy,Comedy,Movie,2018,80
CT00195,Media Direction,Romance,Movie,2013,137
CT00196,Agent People,Thriller,Movie,2012,127
CT00197,Fear Popular,Animation,Movie,2012,116
CT00198,Add Relate,Sci-Fi,Movie,2025,98
CT00199,Pull Level,Action,Series,2011,40
CT00200,Ten Bag,Animation,Series,2023,42
CT00201,Challenge Employee,Action,Movie,2020,101
CT00202,Situation Line,Animation,Movie,2016,111
CT00203,Couple Develop,Romance,Movie,2014,118
CT00204,Radio Natural,Comedy,Movie,2023,173
CT00205,Next Position,Thriller,Movie,2024,168
CT00206,Case Strong,Comedy,Movie,2014,152
CT00207,Act Lot,Sci-Fi,Series,2015,35
CT00208,House Method,Documentary,Series,2015,65
CT00209,Respond Structure,Comedy,Movie,2019,174
CT00210,Practice Executive,Romance,Movie,2017,96
CT00211,Popular And,Sci-Fi,Series,2015,69
CT00212,Appear Suffer,Comedy,Series,2013,37
CT00213,Bring Left,Romance,Series,2024,25
CT00214,Spend Specific,Romance,Series,2011,40
CT00215,First Low,Drama,Movie,2023,166
CT00216,Camera Care,Animation,Movie,2015,130
CT00217,Really Score,Drama,Movie,2011,144
CT00218,Form Information,Comedy,Series,2025,55
CT00219,New Stock,Thriller,Movie,2025,85
CT00220,Choose Establish,Comedy,Series,2022,68
CT00221,Maybe Teacher,Action,Movie,2021,164
CT00222,Vote Central,Drama,Movie,2026,172
CT00223,Word Perform,Sci-Fi,Movie,2013,138
CT00224,Very Throughout,Documentary,Movie,2014,98
CT00225,Program Message,Animation,Movie,2016,150
CT00226,Former Mr,Sci-Fi,Series,2026,41
CT00227,Wide Window,Animation,Movie,2023,135
CT00228,Baby Tonight,Drama,Series,2026,20
CT00229,Could Cost,Drama,Movie,2012,83
CT00230,Color Middle,Thriller,Movie,2021,142
CT00231,Deal Threat,Action,Movie,2016,108
CT00232,Home People,Documentary,Movie,2020,149
CT00233,Chance Drug,Action,Series,2010,54
CT00234,Let Stand,Sci-Fi,Movie,2020,159
CT00235,Wrong Certainly,Animation,Series,2026,40
CT00236,Small Movement,Romance,Movie,2020,82
CT00237,Policy Tend,Action,Movie,2017,162
CT00238,Heavy Point,Thriller,Series,2018,61
CT00239,Laugh Send,Comedy,Series,2021,27
CT00240,Do Environment,Action,Series,2020,55
CT00241,Federal Former,Thriller,Movie,2026,80
CT00242,Travel Talk,Sci-Fi,Movie,2010,165
CT00243,Law Consider,Documentary,Movie,2016,122
CT00244,Kind House,Sci-Fi,Series,2025,25
CT00245,Accept Thank,Animation,Series,2010,20
CT00246,Physical Election,Documentary,Series,2017,68
CT00247,Near Attorney,Drama,Movie,2024,179
CT00248,Serious Different,Documentary,Movie,2023,127
CT00249,War Center,Thriller,Movie,2022,94
CT00250,Sea Pick,Thriller,Movie,2018,169
CT00251,Section Whom,Sci-Fi,Movie,2025,172
CT00252,Operation Cause,Sci-Fi,Series,2026,25
CT00253,Career Sense,Thriller,Movie,2018,153
CT00254,Environment Speech,Comedy,Series,2015,33
CT00255,Day Environment,Animation,Series,2026,25
CT00256,Choose Tonight,Documentary,Series,2017,68
CT00257,Usually Light,Romance,Movie,2018,170
CT00258,Improve End,Romance,Movie,2016,116
CT00259,Free Weight,Action,Series,2023,40
CT00260,Picture Teacher,Sci-Fi,Movie,2012,81
CT00261,Interesting Whole,Animation,Series,2018,39
CT00262,Easy Congress,Animation,Movie,2024,94
CT00263,Prepare Direction,Action,Movie,2019,91
CT00264,Born Eight,Documentary,Movie,2023,160
CT00265,Approach International,Action,Series,2018,43
CT00266,Building Happy,Animation,Movie,2017,144
CT00267,Occur Sell,Thriller,Series,2012,65
CT00268,Option Stay,Animation,Movie,2024,96
CT00269,Dinner Growth,Action,Movie,2017,97
CT00270,Employee Myself,Comedy,Movie,2025,147
CT00271,Down Court,Animation,Series,2026,29
CT00272,General Whose,Drama,Series,2021,40
CT00273,Decide Who,Thriller,Series,2018,52
CT00274,Piece My,Sci-Fi,Series,2017,42
CT00275,Administration Organization,Sci-Fi,Movie,2021,139
CT00276,Party Exist,Animation,Movie,2021,170
CT00277,Because Its,Thriller,Movie,2024,137
CT00278,Community Care,Documentary,Movie,2013,81
CT00279,Little Suddenly,Romance,Movie,2010,101
CT00280,Program Unit,Romance,Series,2014,56
CT00281,List State,Drama,Movie,2017,151
CT00282,Another Space,Comedy,Movie,2011,161
CT00283,Experience Really,Documentary,Movie,2025,84
CT00284,Religious Each,Thriller,Movie,2013,137
CT00285,Their Owner,Documentary,Series,2011,65
CT00286,Trip Interest,Documentary,Series,2011,27
CT00287,Move Thing,Comedy,Movie,2015,157
CT00288,Control Citizen,Thriller,Movie,2019,178
CT00289,Truth Hold,Drama,Series,2010,60
CT00290,Interview Exist,Documentary,Movie,2026,127
CT00291,Particular Itself,Sci-Fi,Series,2013,46
CT00292,Natural Society,Drama,Movie,2020,83
CT00293,Herself Always,Thriller,Movie,2019,124
CT00294,Right Society,Action,Series,2024,28
CT00295,Teach Claim,Documentary,Movie,2010,145
CT00296,Leave Free,Documentary,Series,2026,43
CT00297,Method White,Animation,Movie,2013,162
CT00298,Human Thank,Thriller,Series,2013,65
CT00299,Speech Evening,Documentary,Series,2014,63
CT00300,Save Daughter,Action,Series,2017,44
CT00301,Heart Mention,Animation,Movie,2020,98
CT00302,Some Key,Action,Movie,2024,123
CT00303,Financial Skin,Romance,Movie,2012,121
CT00304,So Rather,Comedy,Series,2013,61
CT00305,Film Water,Romance,Series,2021,53
CT00306,Contain Audience,Sci-Fi,Movie,2026,89
CT00307,Become Painting,Sci-Fi,Movie,2012,169
CT00308,Wish Town,Romance,Movie,2010,176
CT00309,Fight Center,Action,Series,2025,35
CT00310,Conference In,Romance,Movie,2015,175
CT00311,Wear Age,Documentary,Movie,2024,133
CT00312,See Take,Documentary,Series,2020,44
CT00313,Peace Officer,Drama,Movie,2024,132
CT00314,Month Force,Documentary,Series,2013,25
CT00315,Want Compare,Sci-Fi,Series,2021,69
CT00316,You Threat,Comedy,Movie,2025,148
CT00317,Wall Special,Action,Movie,2014,151
CT00318,Go Chair,Romance,Movie,2014,84
CT00319,Building Experience,Action,Movie,2010,86
CT00320,Natural Into,Animation,Movie,2023,158
CT00321,Woman Within,Comedy,Series,2016,61
CT00322,Realize Add,Thriller,Movie,2011,180
CT00323,Table Later,Sci-Fi,Series,2017,63
CT00324,Keep Bag,Romance,Movie,2020,138
CT00325,Material Yourself,Romance,Series,2019,29
CT00326,Case Every,Action,Movie,2026,115
CT00327,Population Reason,Sci-Fi,Movie,2025,127
CT00328,For Then,Sci-Fi,Series,2019,70
CT00329,Article But,Animation,Movie,2020,157
CT00330,Get Describe,Sci-Fi,Movie,2022,127
CT00331,Piece Into,Drama,Series,2012,40
CT00332,Court Success,Sci-Fi,Series,2015,29
CT00333,Six Travel,Animation,Movie,2024,92
CT00334,Consumer Step,Romance,Movie,2016,97
CT00335,Everything Improve,Thriller,Movie,2020,97
CT00336,Good Improve,Drama,Movie,2023,93
CT00337,Determine Government,Action,Movie,2011,122
CT00338,Event Expect,Drama,Movie,2023,127
CT00339,Next Apply,Drama,Series,2010,45
CT00340,Moment History,Animation,Series,2015,63
CT00341,Along Yard,Animation,Movie,2013,104
CT00342,Finish Information,Drama,Series,2010,26
CT00343,Most Though,Action,Movie,2015,165
CT00344,Game Push,Comedy,Series,2010,37
CT00345,Pretty Third,Animation,Movie,2019,164
CT00346,Tend War,Thriller,Movie,2020,113
CT00347,Walk Fill,Action,Series,2014,62
CT00348,Such Condition,Drama,Movie,2022,83
CT00349,Realize Model,Action,Movie,2026,114
CT00350,Card Theory,Sci-Fi,Series,2020,40
CT00351,Go Everybody,Animation,Movie,2023,167
CT00352,Teach Interesting,Drama,Movie,2014,135
CT00353,Although After,Documentary,Movie,2025,144
CT00354,Conference Fish,Romance,Movie,2017,113
CT00355,Various Part,Thriller,Movie,2026,142
CT00356,Number Church,Romance,Movie,2020,138
CT00357,Cell Tax,Sci-Fi,Movie,2023,121
CT00358,General Air,Romance,Series,2011,47
CT00359,Point Standard,Sci-Fi,Movie,2022,100
CT00360,Loss Order,Documentary,Series,2013,44
CT00361,Talk Third,Drama,Series,2024,59
CT00362,Fight Low,Thriller,Movie,2020,94
CT00363,Language Sister,Documentary,Movie,2019,116
CT00364,Drive Writer,Comedy,Series,2023,31
CT00365,Order Thus,Action,Movie,2015,172
CT00366,Clearly Probably,Drama,Series,2012,30
CT00367,Base Top,Documentary,Movie,2024,162
CT00368,Food Responsibility,Animation,Movie,2013,154
CT00369,Study Business,Drama,Series,2016,29
CT00370,Meeting As,Sci-Fi,Movie,2022,138
CT00371,A Seek,Animation,Movie,2010,93
CT00372,Mouth Administration,Animation,Series,2021,20
CT00373,Area Up,Drama,Movie,2012,129
CT00374,Staff Friend,Sci-Fi,Series,2015,57
CT00375,Threat Event,Animation,Series,2018,50
CT00376,Congress Fish,Comedy,Series,2020,45
CT00377,Enter Agreement,Thriller,Movie,2021,137
CT00378,Kind Degree,Drama,Movie,2021,120
CT00379,Song Attention,Documentary,Movie,2020,173
CT00380,All Enter,Drama,Movie,2020,123
CT00381,Old Up,Thriller,Series,2016,60
CT00382,Hit How,Comedy,Movie,2018,146
CT00383,Growth By,Romance,Movie,2016,111
CT00384,Crime Really,Documentary,Movie,2026,92
CT00385,Ball Describe,Comedy,Series,2019,25
CT00386,Prove Environment,Drama,Movie,2016,87
CT00387,Economic Election,Action,Movie,2019,148
CT00388,Paper Bad,Animation,Movie,2020,93
CT00389,Thousand Economy,Thriller,Movie,2013,101
CT00390,Standard Become,Sci-Fi,Movie,2021,104
CT00391,Eat Hard,Animation,Series,2021,37
CT00392,Major Table,Animation,Movie,2014,148
CT00393,Popular Work,Action,Series,2025,58
CT00394,Arm Off,Romance,Movie,2021,111
CT00395,Building End,Romance,Series,2012,31
CT00396,People Light,Documentary,Movie,2025,107
CT00397,Owner Fill,Sci-Fi,Movie,2019,129
CT00398,Party Crime,Romance,Series,2024,38
CT00399,Color Another,Documentary,Series,2024,60
CT00400,Help Station,Documentary,Movie,2025,122
CT00401,Writer A,Sci-Fi,Series,2023,25
CT00402,Statement Win,Comedy,Movie,2018,166
CT00403,Through Various,Drama,Movie,2015,94
CT00404,Energy Outside,Animation,Movie,2023,149
CT00405,Material High,Thriller,Movie,2025,135
CT00406,Our Form,Documentary,Movie,2014,121
CT00407,Herself Which,Romance,Movie,2010,158
CT00408,Cold Step,Thriller,Series,2025,53
CT00409,More Owner,Animation,Movie,2016,161
CT00410,Station Cut,Sci-Fi,Series,2026,25
CT00411,Man Rule,Thriller,Series,2026,49
CT00412,Enough Civil,Sci-Fi,Series,2018,67
CT00413,Image Old,Comedy,Movie,2024,177
CT00414,Black Nor,Comedy,Movie,2013,135
CT00415,Hit Against,Thriller,Series,2025,20
CT00416,Success Onto,Animation,Series,2019,55
CT00417,Piece Onto,Thriller,Movie,2012,173
CT00418,Avoid Kid,Drama,Series,2019,62
CT00419,Represent Particularly,Animation,Movie,2019,86
CT00420,Paper Employee,Documentary,Series,2022,50
CT00421,Health Different,Thriller,Movie,2020,156
CT00422,Real Boy,Documentary,Movie,2014,116
CT00423,Light Life,Documentary,Movie,2012,131
CT00424,Worry Question,Documentary,Movie,2013,132
CT00425,Start Seem,Action,Movie,2026,171
CT00426,Character Ability,Documentary,Movie,2026,94
CT00427,Later Own,Thriller,Movie,2012,108
CT00428,Share Option,Drama,Movie,2026,87
CT00429,Artist Cultural,Thriller,Series,2020,32
CT00430,Close Practice,Action,Movie,2024,83
CT00431,Something Kitchen,Animation,Series,2022,66
CT00432,Final Seven,Romance,Movie,2021,110
CT00433,Ask Worker,Romance,Series,2015,42
CT00434,Drive Heavy,Thriller,Series,2026,44
CT00435,Activity Court,Documentary,Movie,2016,98
CT00436,Your Station,Comedy,Movie,2026,160
CT00437,Word Above,Comedy,Movie,2015,102
CT00438,Computer Political,Comedy,Movie,2016,90
CT00439,Cut System,Romance,Movie,2018,104
CT00440,Start Respond,Action,Movie,2017,123
CT00441,The Subject,Romance,Series,2024,20
CT00442,Surface Job,Comedy,Series,2015,45
CT00443,Professional Since,Comedy,Movie,2018,113
CT00444,Page Act,Sci-Fi,Series,2015,50
CT00445,Low Source,Documentary,Movie,2018,97
CT00446,At For,Sci-Fi,Series,2023,63
CT00447,Fly Court,Sci-Fi,Movie,2013,83
CT00448,Daughter The,Action,Series,2014,62
CT00449,Who Situation,Documentary,Movie,2023,160
CT00450,Box Another,Romance,Series,2021,57
CT00451,Mr Test,Action,Movie,2019,127
CT00452,Century So,Documentary,Movie,2020,148
CT00453,Message Hotel,Comedy,Series,2023,50
CT00454,Food Try,Thriller,Series,2022,45
CT00455,Week Tough,Documentary,Movie,2011,81
CT00456,Enjoy Up,Sci-Fi,Series,2017,63
CT00457,Those Few,Comedy,Series,2026,24
CT00458,Against Let,Documentary,Movie,2024,169
CT00459,The Newspaper,Drama,Movie,2012,161
CT00460,Local Imagine,Thriller,Series,2015,30
CT00461,Hit Although,Sci-Fi,Movie,2025,175
CT00462,Here While,Romance,Movie,2026,174
CT00463,Security May,Sci-Fi,Movie,2016,91
CT00464,Drive Their,Animation,Movie,2019,110
CT00465,Bad According,Romance,Series,2012,64
CT00466,Include Pattern,Drama,Movie,2025,108
CT00467,Part President,Comedy,Series,2022,23
CT00468,Computer Front,Sci-Fi,Movie,2016,175
CT00469,Several Yet,Thriller,Movie,2021,123
CT00470,Over Resource,Thriller,Series,2021,49
CT00471,Support Think,Drama,Movie,2014,165
CT00472,Wrong When,Comedy,Series,2019,25
CT00473,Stuff Attention,Comedy,Series,2014,43
CT00474,Raise Total,Animation,Movie,2024,93
CT00475,Nothing Save,Thriller,Series,2021,58
CT00476,Professional Long,Documentary,Movie,2014,126
CT00477,Almost Allow,Action,Series,2019,59
CT00478,Quickly Away,Comedy,Movie,2016,108
CT00479,Seven Than,Action,Series,2018,32
CT00480,Finally Relate,Animation,Movie,2023,141
CT00481,Back Everyone,Thriller,Movie,2021,97
CT00482,Game Spring,Drama,Movie,2025,127
CT00483,Unit Else,Drama,Movie,2013,90
CT00484,Ago Ready,Documentary,Series,2012,33
CT00485,Whatever Within,Thriller,Movie,2016,108
CT00486,Big That,Action,Series,2024,54
CT00487,Toward Respond,Romance,Movie,2023,135
CT00488,Maybe Rock,Drama,Movie,2024,176
CT00489,Poor Raise,Action,Series,2017,33
CT00490,Win Democratic,Comedy,Movie,2013,153
CT00491,Spend Mission,Action,Series,2025,59
CT00492,Investment Painting,Documentary,Series,2011,48
CT00493,Brother Situation,Comedy,Series,2024,42
CT00494,Off Mission,Romance,Series,2012,38
CT00495,Indeed Impact,Romance,Movie,2017,135
CT00496,Culture Go,Action,Movie,2021,149
CT00497,Let These,Documentary,Series,2026,29
CT00498,As Assume,Thriller,Movie,2026,169
CT00499,Seat Look,Drama,Series,2018,32
CT00500,Interest Lose,Comedy,Series,2019,52
CT00501,I Cover,Comedy,Series,2023,41
CT00502,Degree Large,Action,Movie,2018,140
CT00503,Trade Charge,Comedy,Movie,2017,105
CT00504,Baby Hear,Action,Movie,2012,95
CT00505,Perform Myself,Comedy,Series,2017,28
CT00506,Avoid Although,Thriller,Movie,2014,127
CT00507,General Traditional,Comedy,Series,2017,48
CT00508,Relationship Theory,Romance,Movie,2026,107
CT00509,Brother Decade,Thriller,Movie,2025,108
CT00510,Summer Through,Drama,Movie,2016,114
CT00511,Wide Line,Drama,Movie,2011,84
CT00512,A Rule,Sci-Fi,Movie,2015,120
CT00513,Laugh Economy,Thriller,Series,2014,32
CT00514,Dream Pick,Action,Series,2022,35
CT00515,North Important,Comedy,Movie,2020,152
CT00516,Huge Population,Animation,Series,2010,57
CT00517,Move Present,Documentary,Movie,2018,162
CT00518,War National,Sci-Fi,Series,2020,20
CT00519,Represent Myself,Thriller,Series,2022,69
CT00520,Give Toward,Drama,Series,2020,62
CT00521,Work Side,Sci-Fi,Series,2017,30
CT00522,Face Lawyer,Drama,Movie,2021,133
CT00523,Factor Reduce,Animation,Series,2021,41
CT00524,Let Medical,Sci-Fi,Series,2020,58
CT00525,Recently Give,Animation,Movie,2010,99
CT00526,Society Sometimes,Sci-Fi,Movie,2018,135
CT00527,Nice Later,Romance,Series,2023,45
CT00528,Project Start,Drama,Movie,2014,122
CT00529,Personal Hope,Drama,Movie,2022,82
CT00530,Send Everyone,Romance,Movie,2023,152
CT00531,Subject Or,Thriller,Series,2020,35
CT00532,Pattern Even,Comedy,Movie,2013,141
CT00533,Myself Long,Action,Series,2025,32
CT00534,American Particular,Action,Movie,2017,85
CT00535,Beat Another,Drama,Series,2015,23
CT00536,Return See,Romance,Series,2015,26
CT00537,Himself Whether,Sci-Fi,Movie,2021,132
CT00538,Around Star,Documentary,Movie,2024,105
CT00539,Threat Board,Drama,Series,2021,55
CT00540,Once Total,Documentary,Movie,2026,149
CT00541,Trip Position,Thriller,Movie,2016,89
CT00542,Teacher Than,Documentary,Series,2022,50
CT00543,Bring Hit,Documentary,Series,2024,51
CT00544,Argue Only,Sci-Fi,Movie,2016,96
CT00545,Figure Senior,Comedy,Movie,2019,165
CT00546,Free Room,Documentary,Series,2014,29
CT00547,Price Voice,Sci-Fi,Movie,2019,81
CT00548,Again Performance,Thriller,Movie,2018,91
CT00549,Second Hotel,Sci-Fi,Series,2012,20
CT00550,In Under,Documentary,Series,2022,60
CT00551,Line Wait,Animation,Series,2017,66
CT00552,Charge Check,Action,Movie,2018,104
CT00553,Prepare Himself,Documentary,Movie,2020,102
CT00554,Head His,Animation,Movie,2010,145
CT00555,Growth Clearly,Romance,Movie,2013,108
CT00556,Might Group,Thriller,Movie,2023,90
CT00557,Purpose Cold,Animation,Series,2012,25
CT00558,Drug Its,Action,Movie,2013,88
CT00559,Interesting Method,Comedy,Movie,2013,80
CT00560,Ask Year,Romance,Movie,2021,104
CT00561,My Majority,Sci-Fi,Series,2020,59
CT00562,World From,Drama,Movie,2010,139
CT00563,State Role,Action,Movie,2018,117
CT00564,Nice Of,Documentary,Series,2024,50
CT00565,Another Effort,Romance,Movie,2021,99
CT00566,Character Region,Thriller,Series,2015,65
CT00567,Our Myself,Drama,Series,2016,70
CT00568,Teach Memory,Thriller,Movie,2025,176
CT00569,Final Take,Drama,Movie,2015,156
CT00570,Free Prepare,Animation,Movie,2024,127
CT00571,Anyone Report,Comedy,Series,2020,47
CT00572,Environmental Leader,Romance,Movie,2019,169
CT00573,Show Even,Action,Movie,2017,176
CT00574,Strategy There,Animation,Movie,2026,116
CT00575,Summer Five,Action,Series,2026,47
CT00576,Carry A,Action,Movie,2016,163
CT00577,Ability Body,Sci-Fi,Series,2014,56
CT00578,Fast Participant,Sci-Fi,Movie,2010,161
CT00579,Fish Green,Sci-Fi,Movie,2012,117
CT00580,Relate Hair,Romance,Movie,2018,142
CT00581,Ten Center,Documentary,Series,2024,64
CT00582,City Which,Animation,Movie,2015,89
CT00583,Both Policy,Sci-Fi,Movie,2013,111
CT00584,Model Capital,Sci-Fi,Series,2021,64
CT00585,Individual Middle,Documentary,Movie,2012,85
CT00586,Throw Specific,Romance,Series,2011,49
CT00587,Role Husband,Action,Movie,2011,180
CT00588,Message Note,Animation,Movie,2018,98
CT00589,Ever The,Action,Series,2026,21
CT00590,Short Them,Thriller,Series,2018,46
CT00591,My Military,Comedy,Series,2017,26
CT00592,Central Week,Action,Movie,2025,80
CT00593,Full Well,Animation,Series,2025,31
CT00594,Decision Provide,Animation,Movie,2010,144
CT00595,Cost Bag,Action,Series,2014,70
CT00596,Foot Face,Thriller,Movie,2020,110
CT00597,Account Indeed,Animation,Series,2019,37
CT00598,Look Push,Thriller,Movie,2022,153
CT00599,Born Knowledge,Comedy,Movie,2024,134
CT00600,Room By,Sci-Fi,Series,2015,60
CT00601,Drive Military,Action,Movie,2016,80
CT00602,Manager Away,Drama,Series,2016,70
CT00603,Enter Day,Animation,Series,2010,45
CT00604,Likely Would,Sci-Fi,Series,2026,60
CT00605,Doctor Politics,Action,Movie,2022,164
CT00606,In Western,Thriller,Movie,2012,93
CT00607,Prove Quite,Animation,Series,2019,44
CT00608,Look Baby,Romance,Series,2024,67
CT00609,Nor Office,Romance,Movie,2023,115
CT00610,Conference Southern,Drama,Movie,2019,169
CT00611,Prevent Finally,Drama,Series,2016,55
CT00612,Speak Have,Comedy,Series,2019,33
CT00613,Often Support,Documentary,Movie,2020,94
CT00614,Assume Continue,Comedy,Movie,2013,103
CT00615,She Near,Documentary,Movie,2023,105
CT00616,Peace Pick,Animation,Movie,2013,84
CT00617,Ability Since,Comedy,Series,2012,45
CT00618,Term Same,Sci-Fi,Series,2025,52
CT00619,Here Fine,Drama,Series,2012,24
CT00620,Realize Than,Documentary,Series,2013,31
CT00621,Save Recognize,Drama,Movie,2022,120
CT00622,Professional Wall,Documentary,Movie,2011,173
CT00623,Move Life,Action,Series,2022,52
CT00624,Well Long,Documentary,Series,2020,50
CT00625,Degree Happy,Documentary,Movie,2025,147
CT00626,Gas Structure,Documentary,Movie,2023,94
CT00627,In Analysis,Sci-Fi,Series,2013,61
CT00628,Operation Into,Romance,Movie,2021,160
CT00629,Information Democrat,Thriller,Series,2016,25
CT00630,Lot Study,Romance,Movie,2011,166
CT00631,Term Pressure,Animation,Movie,2022,87
CT00632,Everyone Probably,Documentary,Movie,2014,96
CT00633,Deal Through,Sci-Fi,Series,2012,41
CT00634,Make Affect,Action,Movie,2019,102
CT00635,Kitchen Hard,Romance,Movie,2016,142
CT00636,College Military,Animation,Series,2022,22
CT00637,Nation Know,Romance,Series,2017,47
CT00638,Hot State,Sci-Fi,Series,2015,60
CT00639,Tv Property,Animation,Movie,2025,92
CT00640,Provide Agreement,Drama,Series,2010,28
CT00641,Morning Area,Action,Movie,2010,97
CT00642,Who However,Documentary,Movie,2024,129
CT00643,More Well,Documentary,Movie,2012,84
CT00644,See Movement,Action,Movie,2014,166
CT00645,Mother Film,Animation,Series,2024,46
CT00646,Live Factor,Sci-Fi,Movie,2020,168
CT00647,Hear Others,Drama,Movie,2018,92
CT00648,Compare Land,Documentary,Series,2015,38
CT00649,Program Once,Romance,Series,2026,66
CT00650,Method Job,Sci-Fi,Movie,2010,102
CT00651,People Author,Thriller,Movie,2018,112
CT00652,Agree Country,Romance,Movie,2014,120
CT00653,Western Talk,Documentary,Movie,2015,150
CT00654,Change Behind,Romance,Series,2013,47
CT00655,Special How,Action,Series,2015,37
CT00656,Nice Partner,Action,Series,2024,25
CT00657,Color Pick,Sci-Fi,Series,2013,38
CT00658,Measure Event,Romance,Movie,2018,123
CT00659,Score Field,Documentary,Series,2012,67
CT00660,Hold From,Romance,Movie,2018,145
CT00661,Address Surface,Drama,Series,2020,31
CT00662,Artist Visit,Drama,Series,2015,34
CT00663,Somebody Because,Action,Movie,2010,88
CT00664,Sense Because,Documentary,Series,2013,32
CT00665,Wish Agree,Romance,Movie,2015,169
CT00666,Ability Candidate,Romance,Series,2020,54
CT00667,Wear Scene,Action,Series,2015,70
CT00668,Somebody Quickly,Thriller,Series,2013,39
CT00669,Choose Position,Drama,Series,2015,30
CT00670,Popular Artist,Sci-Fi,Series,2015,55
CT00671,Bit Record,Sci-Fi,Movie,2010,139
CT00672,Across Reach,Romance,Series,2016,32
CT00673,Skin Time,Drama,Movie,2011,109
CT00674,Letter Bed,Animation,Movie,2010,105
CT00675,Company Group,Action,Movie,2021,82
CT00676,Shake True,Sci-Fi,Movie,2026,136
CT00677,Reality Take,Action,Movie,2018,137
CT00678,Top What,Drama,Movie,2022,106
CT00679,Stop Project,Animation,Movie,2016,139
CT00680,Certainly Adult,Comedy,Series,2012,43
CT00681,Remember Man,Animation,Series,2024,33
CT00682,Away Less,Romance,Movie,2012,119
CT00683,Since Economic,Action,Series,2016,51
CT00684,Human Culture,Action,Movie,2011,114
CT00685,Clear Who,Drama,Movie,2012,139
CT00686,Rock Picture,Comedy,Movie,2026,115
CT00687,Office Miss,Drama,Movie,2010,128
CT00688,Finally Federal,Romance,Movie,2023,118
CT00689,Including Catch,Animation,Movie,2024,81
CT00690,Test Before,Action,Movie,2015,99
CT00691,End Usually,Drama,Series,2017,32
CT00692,Wind Miss,Documentary,Movie,2010,81
CT00693,Those Also,Comedy,Movie,2016,125
CT00694,Course Stock,Sci-Fi,Movie,2019,125
CT00695,Think Evidence,Romance,Series,2016,61
CT00696,Carry Science,Thriller,Movie,2026,119
CT00697,Prove Especially,Romance,Movie,2017,168
CT00698,Tough Win,Comedy,Series,2023,25
CT00699,Very Black,Comedy,Series,2022,28
CT00700,Owner Hair,Romance,Series,2018,27
CT00701,One Mean,Action,Movie,2012,100
CT00702,Away Evening,Animation,Series,2010,39
CT00703,Buy Four,Drama,Series,2023,29
CT00704,Watch Opportunity,Comedy,Movie,2013,146
CT00705,Western Lay,Comedy,Movie,2022,107
CT00706,Cost Beautiful,Comedy,Movie,2010,122
CT00707,Year Something,Comedy,Series,2025,68
CT00708,Determine True,Action,Series,2023,60
CT00709,Wish Teach,Animation,Movie,2022,156
CT00710,Go Center,Documentary,Movie,2012,160
CT00711,Thus Do,Comedy,Series,2019,36
CT00712,Government Food,Sci-Fi,Series,2015,45
CT00713,Stuff Expert,Sci-Fi,Movie,2023,88
CT00714,Program Threat,Comedy,Series,2021,23
CT00715,Fly Consider,Drama,Movie,2017,164
CT00716,Not Offer,Action,Series,2014,46
CT00717,Believe Table,Documentary,Movie,2011,81
CT00718,Almost Organization,Thriller,Movie,2014,160
CT00719,Line Parent,Comedy,Movie,2017,95
CT00720,Exactly Pick,Drama,Series,2011,37
CT00721,Development Key,Comedy,Movie,2012,86
CT00722,Others Hold,Romance,Series,2016,35
CT00723,Yourself Home,Action,Series,2016,34
CT00724,Smile Term,Documentary,Series,2020,44
CT00725,Draw Color,Thriller,Series,2010,51
CT00726,Free Question,Action,Movie,2023,134
CT00727,Four Production,Documentary,Movie,2023,155
CT00728,Wide Agency,Documentary,Movie,2014,171
CT00729,Available Measure,Action,Series,2013,27
CT00730,Show Sport,Drama,Movie,2020,97
CT00731,Professional Home,Sci-Fi,Movie,2023,108
CT00732,Source Reason,Action,Movie,2022,124
CT00733,Industry Specific,Sci-Fi,Movie,2020,166
CT00734,Professional No,Thriller,Movie,2016,137
CT00735,Recently Wide,Documentary,Movie,2022,153
CT00736,Lawyer Citizen,Action,Series,2010,26
CT00737,Interest Modern,Sci-Fi,Series,2017,21
CT00738,Message Course,Action,Series,2022,20
CT00739,Increase Student,Drama,Movie,2015,161
CT00740,Down Yet,Sci-Fi,Movie,2019,104
CT00741,Nor Affect,Thriller,Series,2025,32
CT00742,Common Probably,Thriller,Movie,2025,92
CT00743,Church I,Romance,Movie,2020,130
CT00744,Difficult Box,Animation,Movie,2011,137
CT00745,Human Walk,Action,Series,2021,65
CT00746,Rest Even,Romance,Movie,2017,179
CT00747,Wrong Country,Comedy,Movie,2010,127
CT00748,Foot Benefit,Animation,Series,2015,65
CT00749,Carry Role,Drama,Series,2018,68
CT00750,Up Mouth,Romance,Movie,2013,175
CT00751,Sound Send,Comedy,Movie,2015,158
CT00752,Science Ask,Sci-Fi,Series,2018,20
CT00753,People Stage,Action,Series,2010,45
CT00754,Despite Like,Comedy,Series,2025,31
CT00755,Blue Idea,Comedy,Series,2013,22
CT00756,Majority Common,Thriller,Series,2014,51
CT00757,Fish Why,Action,Movie,2025,81
CT00758,Medical Statement,Comedy,Series,2023,56
CT00759,Until College,Animation,Movie,2015,174
CT00760,Industry Hot,Sci-Fi,Series,2023,53
CT00761,Discuss Can,Comedy,Series,2022,44
CT00762,Design Food,Animation,Movie,2021,137
CT00763,Base Relationship,Sci-Fi,Series,2013,63
CT00764,Player Have,Documentary,Series,2022,56
CT00765,Threat Success,Thriller,Series,2018,41
CT00766,Read Indicate,Drama,Movie,2023,90
CT00767,Suffer Cause,Romance,Movie,2021,117
CT00768,Another Wind,Comedy,Series,2022,32
CT00769,Painting Something,Comedy,Series,2026,65
CT00770,Central Former,Drama,Movie,2018,88
CT00771,Idea Employee,Drama,Movie,2010,131
CT00772,Night Thank,Action,Movie,2021,127
CT00773,Apply Change,Comedy,Series,2017,64
CT00774,Turn Between,Sci-Fi,Series,2016,52
CT00775,Heart Number,Romance,Series,2015,43
CT00776,During Voice,Action,Series,2013,40
CT00777,Big Process,Drama,Movie,2025,174
CT00778,At House,Animation,Movie,2012,177
CT00779,Sing Happen,Drama,Series,2025,70
CT00780,In Budget,Romance,Series,2016,51
CT00781,Quality Leave,Drama,Series,2025,63
CT00782,Stay Back,Sci-Fi,Series,2023,48
CT00783,Stock Sport,Thriller,Series,2025,42
CT00784,Suggest Teacher,Sci-Fi,Movie,2019,118
CT00785,Manage Employee,Action,Movie,2012,115
CT00786,Partner Expect,Comedy,Series,2020,55
CT00787,There Remain,Comedy,Movie,2014,95
CT00788,Loss Go,Drama,Movie,2025,160
CT00789,Development Key,Comedy,Series,2025,67
CT00790,Half Mr,Sci-Fi,Series,2026,44
CT00791,Because Against,Sci-Fi,Movie,2025,85
CT00792,Push Fund,Romance,Movie,2013,165
CT00793,Attack Economy,Comedy,Movie,2013,136
CT00794,Discussion Space,Thriller,Movie,2019,91
CT00795,Leader Threat,Action,Movie,2015,142
CT00796,Key Compare,Drama,Series,2012,30
CT00797,Sing Ahead,Comedy,Movie,2018,175
CT00798,Yes And,Sci-Fi,Series,2018,25
CT00799,Total Popular,Animation,Series,2018,42
CT00800,South Deep,Documentary,Series,2020,46
CT00801,Model Imagine,Animation,Series,2019,46
CT00802,Off Analysis,Animation,Series,2024,32
CT00803,Style Myself,Action,Movie,2015,155
CT00804,Foot Describe,Sci-Fi,Series,2011,47
CT00805,All Eye,Sci-Fi,Series,2022,31
CT00806,Result After,Documentary,Series,2026,49
CT00807,Hair Hold,Action,Series,2021,58
CT00808,Whom Wall,Romance,Movie,2022,126
CT00809,Clearly Friend,Comedy,Movie,2018,114
CT00810,Statement Because,Action,Series,2026,61
CT00811,Yourself Book,Romance,Movie,2011,159
CT00812,About Event,Sci-Fi,Movie,2010,105
CT00813,Everybody Send,Sci-Fi,Movie,2012,87
CT00814,Because Usually,Comedy,Movie,2019,117
CT00815,Loss Threat,Drama,Series,2026,23
CT00816,Send Serious,Animation,Movie,2012,165
CT00817,Benefit Bill,Action,Movie,2023,134
CT00818,Force Oil,Thriller,Movie,2021,174
CT00819,Against Player,Comedy,Movie,2022,116
CT00820,Perform Close,Action,Movie,2014,151
CT00821,Student Not,Comedy,Movie,2026,180
CT00822,Here Each,Action,Movie,2025,137
CT00823,Person Sell,Comedy,Movie,2021,89
CT00824,Door Its,Romance,Movie,2010,81
CT00825,Dark Pm,Romance,Series,2020,29
CT00826,Speech Loss,Documentary,Series,2018,50
CT00827,Avoid Animal,Action,Series,2019,67
CT00828,Your Meet,Animation,Movie,2024,80
CT00829,Space Find,Drama,Movie,2017,114
CT00830,Wait Mind,Documentary,Movie,2017,158
CT00831,Sit Possible,Drama,Series,2022,33
CT00832,Product Argue,Thriller,Movie,2026,165
CT00833,Bring Everything,Drama,Movie,2010,175
CT00834,Husband Position,Animation,Movie,2026,153
CT00835,Clearly Up,Comedy,Series,2013,44
CT00836,Everything Term,Thriller,Movie,2023,166
CT00837,Skill Those,Thriller,Movie,2012,114
CT00838,Explain Thank,Drama,Series,2025,26
CT00839,Success Act,Drama,Movie,2024,92
CT00840,Design East,Thriller,Series,2011,50
CT00841,Full Candidate,Drama,Movie,2021,140
CT00842,Approach Smile,Action,Movie,2024,163
CT00843,Center Manage,Action,Series,2021,36
CT00844,Set Think,Romance,Movie,2011,117
CT00845,Rather Democratic,Drama,Movie,2013,158
CT00846,Lay Right,Thriller,Series,2023,37
CT00847,Myself Move,Sci-Fi,Series,2017,22
CT00848,Require Situation,Thriller,Movie,2017,95
CT00849,Operation Near,Drama,Series,2010,35
CT00850,Fine Coach,Thriller,Movie,2018,128
CT00851,People Many,Action,Series,2024,25
CT00852,Actually International,Animation,Movie,2011,132
CT00853,Name Dinner,Sci-Fi,Movie,2020,85
CT00854,Ground College,Sci-Fi,Movie,2014,138
CT00855,Describe Pull,Sci-Fi,Series,2016,40
CT00856,Work Week,Action,Movie,2017,152
CT00857,Stop Development,Drama,Movie,2023,159
CT00858,Myself Be,Thriller,Movie,2019,94
CT00859,Gun Positive,Romance,Series,2024,26
CT00860,Line He,Thriller,Series,2013,21
CT00861,Than Kind,Drama,Movie,2010,87
CT00862,Vote Mind,Drama,Movie,2019,171
CT00863,Glass Compare,Comedy,Series,2021,65
CT00864,Trial Specific,Romance,Series,2019,21
CT00865,Already Star,Drama,Series,2015,24
CT00866,Discuss Out,Comedy,Movie,2016,98
CT00867,Its Thing,Drama,Movie,2017,175
CT00868,Unit Increase,Comedy,Movie,2022,148
CT00869,Win Election,Drama,Movie,2020,107
CT00870,Fact Evening,Sci-Fi,Series,2018,61
CT00871,Receive New,Thriller,Series,2018,48
CT00872,Effort Son,Documentary,Series,2020,22
CT00873,Car Media,Action,Series,2021,29
CT00874,Keep Only,Sci-Fi,Series,2018,42
CT00875,Smile Agree,Documentary,Series,2026,66
CT00876,Something Third,Documentary,Series,2012,46
CT00877,Yard Behind,Thriller,Movie,2010,102
CT00878,Exist Organization,Thriller,Series,2016,22
CT00879,Become Figure,Documentary,Movie,2019,98
CT00880,Husband Hospital,Thriller,Movie,2024,169
CT00881,Must Create,Comedy,Series,2014,54
CT00882,Game Letter,Sci-Fi,Series,2012,34
CT00883,Responsibility Building,Thriller,Series,2012,43
CT00884,Let Step,Comedy,Movie,2021,131
CT00885,Feel Address,Comedy,Series,2010,28
CT00886,Able Option,Thriller,Series,2022,60
CT00887,Idea Arrive,Comedy,Movie,2020,86
CT00888,Each Everything,Animation,Movie,2021,118
CT00889,Control Certainly,Animation,Series,2014,34
CT00890,Military Yeah,Action,Movie,2012,170
CT00891,Street Director,Thriller,Movie,2023,144
CT00892,Major Politics,Romance,Movie,2022,154
CT00893,Produce Trial,Comedy,Movie,2011,161
CT00894,Game A,Action,Movie,2021,124
CT00895,Security Race,Drama,Movie,2022,86
CT00896,Use Movie,Drama,Series,2012,23
CT00897,Yet Yeah,Thriller,Series,2018,41
CT00898,Defense To,Drama,Series,2011,37
CT00899,Method Environment,Animation,Series,2022,24
CT00900,Data Officer,Animation,Movie,2024,108
CT00901,Buy Over,Romance,Movie,2024,88
CT00902,Nearly Subject,Romance,Series,2011,44
CT00903,Term High,Sci-Fi,Series,2014,40
CT00904,Bit Program,Comedy,Movie,2026,147
CT00905,Sea Environmental,Thriller,Series,2025,65
CT00906,Of Five,Drama,Movie,2026,139
CT00907,Answer Attorney,Comedy,Movie,2023,180
CT00908,Should Prove,Action,Series,2017,27
CT00909,Civil Upon,Drama,Movie,2017,99
CT00910,Mission Choice,Sci-Fi,Movie,2026,85
CT00911,Town Suddenly,Documentary,Series,2019,42
CT00912,Fine Not,Documentary,Series,2017,23
CT00913,Research She,Documentary,Movie,2026,94
CT00914,Seek However,Documentary,Series,2011,28
CT00915,Writer Interest,Documentary,Series,2025,29
CT00916,Night Could,Sci-Fi,Movie,2026,164
CT00917,Education Something,Drama,Movie,2023,106
CT00918,In Action,Documentary,Movie,2012,97
CT00919,Follow Yeah,Romance,Movie,2021,141
CT00920,New Head,Thriller,Series,2021,25
CT00921,Adult Detail,Drama,Movie,2013,173
CT00922,Fire Require,Romance,Series,2024,34
CT00923,Argue Hard,Romance,Movie,2021,99
CT00924,Sound Mr,Romance,Movie,2010,82
CT00925,Dinner Middle,Action,Movie,2011,156
CT00926,Fight Site,Comedy,Movie,2012,87
CT00927,Media Throughout,Thriller,Movie,2017,177
CT00928,Station Various,Thriller,Movie,2020,119
CT00929,Young Improve,Drama,Movie,2019,129
CT00930,Door Prevent,Thriller,Movie,2019,129
CT00931,Benefit Glass,Action,Series,2018,64
CT00932,East Remember,Comedy,Movie,2019,95
CT00933,Suggest Expect,Animation,Series,2022,28
CT00934,Hear Face,Drama,Series,2012,59
CT00935,Determine Increase,Comedy,Series,2017,45
CT00936,With Traditional,Action,Series,2014,35
CT00937,Information Set,Sci-Fi,Series,2010,24
CT00938,Hospital Yet,Sci-Fi,Series,2019,24
CT00939,Perhaps Employee,Thriller,Series,2024,43
CT00940,Outside Throughout,Action,Series,2025,45
CT00941,Country Discuss,Action,Movie,2013,153
CT00942,Senior Friend,Sci-Fi,Movie,2014,140
CT00943,Son Detail,Drama,Movie,2016,92
CT00944,Argue Knowledge,Romance,Movie,2023,171
CT00945,Factor Say,Thriller,Movie,2015,140
CT00946,Seven Field,Sci-Fi,Movie,2018,169
CT00947,Develop Financial,Comedy,Movie,2018,89
CT00948,Worker Stay,Documentary,Movie,2015,133
CT00949,Deep Task,Thriller,Series,2025,28
CT00950,Scientist Deep,Romance,Series,2022,46
CT00951,Pass Begin,Sci-Fi,Movie,2012,143
CT00952,Sit Compare,Drama,Movie,2012,151
CT00953,Expert Pm,Action,Series,2017,28
CT00954,Customer Executive,Action,Movie,2022,90
CT00955,Thought Summer,Thriller,Series,2023,37
CT00956,Ground Remain,Drama,Series,2026,42
CT00957,Early Security,Action,Movie,2022,163
CT00958,Read Old,Romance,Series,2010,44
CT00959,Hope Trade,Documentary,Movie,2010,139
CT00960,Source Smile,Sci-Fi,Movie,2023,174
CT00961,Night Sing,Thriller,Movie,2023,116
CT00962,Law Stuff,Animation,Series,2025,65
CT00963,City Form,Animation,Movie,2010,137
CT00964,Collection Interesting,Documentary,Movie,2025,121
CT00965,Hotel Poor,Comedy,Movie,2022,84
CT00966,Imagine Music,Thriller,Movie,2026,101
CT00967,Sport First,Documentary,Movie,2016,131
CT00968,Bill International,Thriller,Movie,2019,95
CT00969,Down More,Comedy,Series,2018,62
CT00970,Character Seek,Romance,Series,2016,42
CT00971,Certain Big,Drama,Movie,2026,146
CT00972,And Key,Action,Movie,2019,133
CT00973,Between Management,Animation,Movie,2014,93
CT00974,System Physical,Documentary,Series,2018,55
CT00975,Trip Physical,Romance,Movie,2017,160
CT00976,Bag Term,Comedy,Movie,2021,128
CT00977,Trip Some,Sci-Fi,Movie,2024,89
CT00978,Big Picture,Drama,Movie,2021,174
CT00979,Organization For,Romance,Series,2012,35
CT00980,Market Family,Thriller,Series,2021,39
CT00981,Market Relate,Documentary,Movie,2012,137
CT00982,Place If,Action,Series,2024,24
CT00983,Animal Weight,Comedy,Series,2018,51
CT00984,Realize Participant,Comedy,Movie,2011,131
CT00985,Difference Sea,Romance,Series,2015,60
CT00986,Week Difficult,Comedy,Movie,2015,91
CT00987,Wife End,Drama,Movie,2011,164
CT00988,Reflect Window,Action,Series,2016,32
CT00989,Laugh Feeling,Comedy,Series,2019,48
CT00990,Degree Small,Drama,Series,2015,56
CT00991,Answer Stage,Animation,Series,2017,55
CT00992,Major Son,Sci-Fi,Movie,2020,149
CT00993,Ahead Agree,Documentary,Movie,2020,179
CT00994,Themselves Before,Animation,Series,2014,66
CT00995,Laugh Third,Thriller,Movie,2020,133
CT00996,Four Nature,Documentary,Movie,2013,139
CT00997,Wall Everything,Documentary,Movie,2025,117
CT00998,Full Glass,Thriller,Series,2019,36
CT00999,Not Lay,Animation,Series,2014,70
CT01000,Although Choose,Comedy,Movie,2023,154
CT01001,Never Agency,Drama,Movie,2025,178
CT01002,Box Start,Comedy,Series,2010,42
CT01003,Individual Ask,Thriller,Series,2019,58
CT01004,Cut Also,Animation,Movie,2025,141
CT01005,From Think,Thriller,Movie,2016,107
CT01006,Often Week,Action,Series,2019,48
CT01007,Future Cup,Drama,Movie,2018,151
CT01008,Book Free,Animation,Series,2015,47
CT01009,Long Food,Animation,Movie,2022,164
CT01010,Mouth Cause,Romance,Movie,2010,101
CT01011,Heart Pretty,Drama,Movie,2018,131
CT01012,Trade Leg,Drama,Movie,2021,125
CT01013,Particular Grow,Documentary,Movie,2015,168
CT01014,Write Sound,Comedy,Series,2018,57
CT01015,School Beat,Thriller,Movie,2016,95
CT01016,First Thus,Drama,Series,2016,27
CT01017,Social Include,Documentary,Series,2017,50
CT01018,Arm Season,Animation,Movie,2016,157
CT01019,In Attention,Thriller,Movie,2018,159
CT01020,Throw Gas,Sci-Fi,Movie,2025,129
CT01021,Truth Reduce,Romance,Movie,2024,104
CT01022,Product Use,Comedy,Movie,2022,152
CT01023,Painting Fill,Romance,Movie,2012,90
CT01024,Different Thing,Animation,Series,2014,24
CT01025,Impact Feel,Thriller,Series,2024,51
CT01026,Return Whole,Sci-Fi,Movie,2023,156
CT01027,These Economic,Comedy,Movie,2019,102
CT01028,Explain Yourself,Comedy,Movie,2018,162
CT01029,Learn Available,Sci-Fi,Movie,2012,107
CT01030,Consider According,Thriller,Movie,2024,170
CT01031,System Finally,Thriller,Movie,2014,149
CT01032,Year Likely,Thriller,Series,2020,52
CT01033,Thus Eat,Drama,Movie,2019,145
CT01034,Exactly Simple,Animation,Movie,2022,109
CT01035,Million Prepare,Animation,Movie,2012,115
CT01036,Tell Take,Action,Series,2013,21
CT01037,Game Technology,Romance,Movie,2021,165
CT01038,Lose Under,Drama,Series,2011,31
CT01039,Social Mr,Animation,Movie,2025,164
CT01040,Too Perform,Animation,Series,2021,60
CT01041,Agency Behavior,Action,Series,2015,43
CT01042,Administration Project,Sci-Fi,Series,2022,52
CT01043,Time Nice,Romance,Movie,2021,129
CT01044,Financial Price,Documentary,Series,2015,30
CT01045,Song House,Comedy,Series,2018,46
CT01046,Join Politics,Comedy,Series,2026,33
CT01047,Second Difficult,Drama,Series,2025,54
CT01048,Word Crime,Action,Movie,2018,83
CT01049,Tree Office,Action,Series,2021,53
CT01050,Arm Draw,Animation,Series,2014,44
CT01051,Choose Should,Documentary,Series,2014,58
CT01052,Officer Maintain,Documentary,Series,2022,30
CT01053,Accept House,Action,Series,2012,49
CT01054,Almost Election,Action,Series,2015,35
CT01055,Visit Product,Drama,Movie,2026,96
CT01056,Threat Operation,Romance,Movie,2012,94
CT01057,National Specific,Thriller,Series,2025,20
CT01058,Artist From,Comedy,Movie,2025,166
CT01059,Upon White,Documentary,Movie,2013,176
CT01060,Example Next,Action,Movie,2012,147
CT01061,Camera Miss,Thriller,Movie,2012,138
CT01062,Group Pass,Romance,Movie,2018,110
CT01063,Require Still,Drama,Series,2014,50
CT01064,Mrs Board,Thriller,Movie,2026,137
CT01065,Board Fear,Thriller,Movie,2019,180
CT01066,Thus Bit,Action,Movie,2011,118
CT01067,Marriage Base,Documentary,Movie,2022,102
CT01068,Dog Husband,Action,Series,2020,61
CT01069,Woman Star,Comedy,Movie,2023,117
CT01070,Far The,Drama,Series,2018,39
CT01071,Action Instead,Animation,Movie,2011,180
CT01072,Organization Claim,Action,Movie,2012,111
CT01073,Prepare Say,Action,Movie,2025,120
CT01074,Cell Gun,Comedy,Movie,2011,134
CT01075,Teach Blood,Comedy,Movie,2015,118
CT01076,Entire Play,Comedy,Series,2011,52
CT01077,Collection Role,Action,Series,2015,20
CT01078,Remember Operation,Thriller,Movie,2025,141
CT01079,Offer Wall,Drama,Movie,2012,144
CT01080,Page Author,Drama,Movie,2013,153
CT01081,People Can,Comedy,Series,2014,36
CT01082,Bill Cause,Romance,Series,2018,23
CT01083,During Action,Romance,Movie,2021,130
CT01084,Force Top,Romance,Movie,2020,96
CT01085,Fill Foot,Animation,Movie,2020,136
CT01086,Place Nothing,Documentary,Movie,2019,153
CT01087,Just Successful,Animation,Series,2010,34
CT01088,Way Risk,Action,Series,2016,22
CT01089,Audience Tax,Sci-Fi,Movie,2021,123
CT01090,Wish Pattern,Animation,Series,2014,49
CT01091,Small Food,Comedy,Movie,2013,156
CT01092,Section World,Documentary,Series,2025,68
CT01093,Site Above,Documentary,Movie,2023,129
CT01094,Fund Cell,Comedy,Series,2014,39
CT01095,Kind Reflect,Comedy,Movie,2016,109
CT01096,That High,Documentary,Series,2014,55
CT01097,House Both,Documentary,Movie,2026,150
CT01098,Sort System,Comedy,Series,2013,48
CT01099,Adult Item,Animation,Movie,2017,178
CT01100,Air Party,Thriller,Movie,2026,104
CT01101,Itself Speak,Romance,Movie,2015,106
CT01102,When They,Comedy,Movie,2016,116
CT01103,Environment Popular,Animation,Movie,2024,170
CT01104,Brother Take,Animation,Series,2014,44
CT01105,Use Which,Thriller,Series,2017,30
CT01106,Hot Coach,Comedy,Series,2023,30
CT01107,He Mention,Comedy,Movie,2025,116
CT01108,Hope Mother,Comedy,Movie,2011,170
CT01109,Million Data,Drama,Movie,2013,131
CT01110,Could Guess,Animation,Series,2021,37
CT01111,Particularly Nature,Romance,Movie,2020,114
CT01112,Month Could,Thriller,Series,2017,28
CT01113,Authority Capital,Comedy,Movie,2015,148
CT01114,Outside Church,Documentary,Movie,2013,138
CT01115,Option Administration,Romance,Movie,2025,178
CT01116,Activity Model,Action,Series,2016,69
CT01117,Each Sense,Sci-Fi,Movie,2017,101
CT01118,Boy Strategy,Action,Movie,2011,101
CT01119,Store Medical,Sci-Fi,Movie,2023,108
CT01120,Place Network,Action,Movie,2017,92
CT01121,Fund Nothing,Comedy,Movie,2022,173
CT01122,Rock Entire,Comedy,Movie,2020,160
CT01123,Security Experience,Documentary,Movie,2021,104
CT01124,Bank Source,Sci-Fi,Series,2016,20
CT01125,Society Old,Comedy,Movie,2011,115
CT01126,Certainly Yes,Animation,Series,2012,20
CT01127,War Soldier,Animation,Series,2015,20
CT01128,Need Message,Animation,Series,2021,60
CT01129,Road Population,Romance,Series,2016,41
CT01130,Weight Scientist,Thriller,Movie,2010,88
CT01131,Practice Raise,Thriller,Movie,2024,100
CT01132,Suffer Mention,Drama,Movie,2025,174
CT01133,Performance It,Thriller,Series,2018,59
CT01134,Condition Exactly,Action,Series,2016,36
CT01135,Country Wait,Drama,Series,2013,53
CT01136,Approach Dinner,Documentary,Movie,2025,133
CT01137,Four Their,Animation,Movie,2013,158
CT01138,Late Short,Sci-Fi,Series,2015,32
CT01139,No House,Thriller,Movie,2014,122
CT01140,Its So,Animation,Series,2010,70
CT01141,Figure Sister,Romance,Series,2017,21
CT01142,Week Represent,Animation,Movie,2011,118
CT01143,Say Long,Documentary,Series,2025,58
CT01144,Kid White,Drama,Series,2023,42
CT01145,Mean Wind,Action,Movie,2016,105
CT01146,Require Budget,Comedy,Series,2026,47
CT01147,Probably Information,Drama,Series,2017,61
CT01148,Month Any,Sci-Fi,Series,2021,38
CT01149,Rich Treatment,Action,Series,2024,23
CT01150,Statement Sell,Thriller,Movie,2020,110
CT01151,Already One,Drama,Series,2020,68
CT01152,Same Also,Thriller,Series,2026,42
CT01153,Her Network,Sci-Fi,Movie,2010,100
CT01154,Thank Charge,Action,Movie,2016,136
CT01155,Drug Alone,Drama,Series,2026,22
CT01156,Read Few,Romance,Movie,2025,107
CT01157,Meeting Use,Animation,Movie,2015,166
CT01158,President Thank,Thriller,Series,2014,60
CT01159,Run Call,Animation,Movie,2015,101
CT01160,Along Service,Drama,Series,2017,20
CT01161,Glass Building,Drama,Series,2022,32
CT01162,Attack Look,Drama,Movie,2020,133
CT01163,Head To,Action,Movie,2019,160
CT01164,Interesting More,Thriller,Movie,2017,174
CT01165,Particularly Value,Animation,Movie,2014,89
CT01166,Lead Smile,Animation,Movie,2018,108
CT01167,Customer Station,Romance,Movie,2014,128
CT01168,Beyond Including,Thriller,Movie,2017,97
CT01169,Indeed Future,Romance,Movie,2026,131
CT01170,Of Whether,Sci-Fi,Series,2025,34
CT01171,Air Lead,Comedy,Series,2019,56
CT01172,Give Tough,Thriller,Movie,2018,149
CT01173,Provide Here,Comedy,Series,2012,35
CT01174,And Hit,Animation,Series,2018,69
CT01175,Skin Them,Comedy,Movie,2014,144
CT01176,Product Relate,Animation,Series,2011,37
CT01177,Be Will,Documentary,Movie,2016,168
CT01178,Stop Task,Documentary,Movie,2015,103
CT01179,Member Center,Documentary,Series,2012,38
CT01180,Sea Leave,Action,Movie,2023,149
CT01181,Or Light,Action,Series,2011,25
CT01182,Kitchen We,Animation,Series,2016,29
CT01183,Set Medical,Documentary,Movie,2016,87
CT01184,Television Develop,Documentary,Series,2020,20
CT01185,Once Anyone,Animation,Series,2023,55
CT01186,Nature Them,Documentary,Series,2011,58
CT01187,Stop Catch,Comedy,Movie,2016,124
CT01188,Throughout Society,Comedy,Series,2010,37
CT01189,Become Reveal,Sci-Fi,Movie,2012,91
CT01190,Carry Hard,Animation,Series,2020,34
CT01191,Myself Live,Documentary,Series,2010,43
CT01192,Sea Value,Action,Series,2023,29
CT01193,Finish Green,Documentary,Movie,2024,132
CT01194,Fight Sport,Animation,Series,2014,28
CT01195,Miss Speak,Thriller,Movie,2013,100
CT01196,Sister Seem,Animation,Movie,2021,145
CT01197,By Amount,Thriller,Series,2014,56
CT01198,Relationship Everything,Documentary,Movie,2015,170
CT01199,Artist Firm,Animation,Series,2011,52
CT01200,Report Hour,Documentary,Series,2014,25
CT01201,Seven Able,Animation,Series,2011,21
CT01202,Almost Type,Drama,Series,2019,55
CT01203,After Week,Sci-Fi,Series,2021,42
CT01204,Magazine Evidence,Romance,Movie,2024,85
CT01205,Full Trouble,Documentary,Movie,2021,84
CT01206,Subject Give,Drama,Movie,2014,84
CT01207,Lawyer Factor,Animation,Movie,2016,173
CT01208,Near Lay,Documentary,Movie,2012,156
CT01209,Thing Defense,Thriller,Series,2024,26
CT01210,Teacher Which,Documentary,Series,2023,66
CT01211,That This,Romance,Movie,2018,156
CT01212,Small Stock,Comedy,Series,2026,51
CT01213,Under Much,Thriller,Series,2020,45
CT01214,Candidate Million,Documentary,Movie,2023,122
CT01215,Throughout Big,Comedy,Movie,2026,139
CT01216,Tough Other,Animation,Movie,2010,156
CT01217,Discussion Front,Drama,Movie,2026,117
CT01218,College Different,Action,Series,2013,27
CT01219,Toward Beautiful,Romance,Movie,2021,86
CT01220,Management Hospital,Romance,Series,2020,70
CT01221,Ask Line,Sci-Fi,Series,2022,43
CT01222,Pull Quickly,Comedy,Movie,2011,84
CT01223,Almost Recently,Sci-Fi,Series,2014,32
CT01224,Usually Turn,Comedy,Movie,2021,92
CT01225,Piece Sister,Action,Series,2014,57
CT01226,Civil Key,Thriller,Series,2025,51
CT01227,All Forget,Thriller,Movie,2020,175
CT01228,Billion Social,Thriller,Movie,2019,90
CT01229,Collection Determine,Action,Movie,2022,178
CT01230,Kid Letter,Documentary,Movie,2015,90
CT01231,Customer Bad,Sci-Fi,Movie,2017,94
CT01232,They Something,Animation,Movie,2026,175
CT01233,Must Owner,Sci-Fi,Movie,2022,138
CT01234,Air Fine,Action,Movie,2018,163
CT01235,College Shoulder,Drama,Series,2015,20
CT01236,Check Get,Romance,Movie,2022,148
CT01237,Research Have,Comedy,Movie,2020,142
CT01238,Color Year,Drama,Movie,2024,151
CT01239,Congress There,Thriller,Series,2021,67
CT01240,Name Board,Documentary,Series,2021,29
CT01241,Recent The,Sci-Fi,Movie,2018,99
CT01242,Position Interest,Animation,Series,2023,34
CT01243,Bag Century,Action,Movie,2017,145
CT01244,Though Fund,Documentary,Series,2020,41
CT01245,Organization Someone,Drama,Movie,2012,122
CT01246,Part Choose,Thriller,Series,2016,38
CT01247,Program Prevent,Sci-Fi,Series,2010,51
CT01248,That Southern,Drama,Series,2023,46
CT01249,Call Success,Drama,Movie,2022,163
CT01250,Gun Play,Documentary,Movie,2021,144
CT01251,Stuff Leader,Documentary,Movie,2019,113
CT01252,Spring Cover,Action,Movie,2021,139
CT01253,Individual Similar,Animation,Movie,2022,128
CT01254,Food Think,Romance,Movie,2019,141
CT01255,Area Medical,Comedy,Series,2018,40
CT01256,Else After,Thriller,Series,2025,22
CT01257,Until Teacher,Animation,Series,2020,64
CT01258,Program Management,Action,Movie,2015,161
CT01259,Myself Need,Comedy,Movie,2018,129
CT01260,My Road,Drama,Movie,2017,105
CT01261,Candidate Tree,Animation,Series,2018,37
CT01262,Show Money,Comedy,Series,2024,36
CT01263,Fact Candidate,Animation,Series,2021,49
CT01264,Keep Author,Documentary,Movie,2023,81
CT01265,Specific Officer,Comedy,Series,2014,57
CT01266,President Whom,Romance,Movie,2020,114
CT01267,Same Everyone,Romance,Movie,2012,116
CT01268,Military Realize,Romance,Movie,2017,118
CT01269,Pass Federal,Drama,Movie,2020,102
CT01270,Loss International,Sci-Fi,Movie,2012,143
CT01271,Citizen Born,Action,Series,2011,36
CT01272,Run Look,Drama,Movie,2019,86
CT01273,Rest Campaign,Thriller,Movie,2016,141
CT01274,Car Money,Thriller,Movie,2026,131
CT01275,Woman Record,Drama,Series,2018,46
CT01276,Third Score,Romance,Series,2026,37
CT01277,Sister Explain,Documentary,Movie,2016,118
CT01278,Consider Maintain,Action,Movie,2018,116
CT01279,Share If,Documentary,Series,2021,27
CT01280,Not Audience,Documentary,Movie,2021,86
CT01281,Already Food,Romance,Movie,2022,128
CT01282,Cause Within,Sci-Fi,Movie,2024,95
CT01283,Return Big,Action,Series,2023,56
CT01284,Economic Fast,Animation,Movie,2013,101
CT01285,North News,Drama,Movie,2026,85
CT01286,Present Too,Documentary,Movie,2017,145
CT01287,Size Reason,Romance,Movie,2023,180
CT01288,Least Although,Thriller,Movie,2024,161
CT01289,Skin Always,Documentary,Movie,2011,119
CT01290,Imagine Manage,Romance,Series,2026,68
CT01291,Offer Consumer,Drama,Movie,2010,88
CT01292,Particularly Voice,Comedy,Movie,2017,170
CT01293,History Similar,Documentary,Movie,2012,97
CT01294,Nature Series,Thriller,Series,2019,29
CT01295,Set Nature,Sci-Fi,Movie,2023,98
CT01296,Land Hope,Action,Series,2015,22
CT01297,Front Community,Action,Series,2021,65
CT01298,Ready For,Drama,Series,2013,35
CT01299,Player Walk,Romance,Series,2018,66
CT01300,Attorney Mother,Documentary,Movie,2020,149
CT01301,Wonder Hear,Action,Movie,2014,143
CT01302,Tv Contain,Sci-Fi,Movie,2016,167
CT01303,Born Memory,Thriller,Movie,2014,135
CT01304,Country Affect,Animation,Movie,2011,137
CT01305,Us Mean,Comedy,Movie,2018,106
CT01306,Foreign Day,Documentary,Series,2024,63
CT01307,Wonder Party,Documentary,Movie,2018,148
CT01308,Perform Analysis,Animation,Movie,2017,173
CT01309,Option Along,Action,Movie,2019,118
CT01310,Season Improve,Documentary,Series,2019,28
CT01311,Choose Benefit,Documentary,Series,2023,57
CT01312,Camera Rule,Romance,Movie,2018,173
CT01313,Political Heart,Thriller,Movie,2023,88
CT01314,Argue Provide,Thriller,Movie,2022,145
CT01315,Exactly Deal,Thriller,Movie,2016,119
CT01316,Tend Score,Animation,Movie,2023,128
CT01317,Red Behavior,Romance,Movie,2015,177
CT01318,Amount Common,Action,Movie,2014,92
CT01319,Bank Story,Comedy,Series,2016,29
CT01320,All Bit,Comedy,Movie,2016,97
CT01321,Heavy Policy,Documentary,Movie,2018,111
CT01322,Seem Improve,Documentary,Movie,2013,154
CT01323,Matter Story,Drama,Series,2024,26
CT01324,Stop Daughter,Action,Movie,2012,144
CT01325,Thought Growth,Sci-Fi,Series,2011,28
CT01326,Six Kid,Thriller,Movie,2010,118
CT01327,Visit Wall,Thriller,Movie,2021,175
CT01328,Early Edge,Sci-Fi,Movie,2021,126
CT01329,Personal Cold,Drama,Series,2013,62
CT01330,Century Morning,Thriller,Series,2021,66
CT01331,Without Data,Animation,Series,2012,26
CT01332,Plan Rather,Drama,Movie,2014,174
CT01333,Information Between,Drama,Movie,2011,116
CT01334,He Local,Thriller,Series,2011,67
CT01335,Produce Then,Comedy,Movie,2024,84
CT01336,Whether Politics,Comedy,Series,2022,67
CT01337,Officer Fast,Drama,Movie,2016,132
CT01338,Entire Car,Sci-Fi,Series,2025,69
CT01339,Important Machine,Romance,Series,2014,43
CT01340,Spend Throughout,Comedy,Movie,2010,110
CT01341,Letter Town,Comedy,Series,2023,38
CT01342,Out Task,Documentary,Movie,2018,85
CT01343,Myself Son,Comedy,Series,2014,30
CT01344,Paper Right,Action,Series,2018,59
CT01345,Him Mrs,Documentary,Movie,2026,103
CT01346,Kitchen Member,Romance,Series,2011,45
CT01347,I Reason,Action,Movie,2010,129
CT01348,Just Give,Comedy,Series,2021,51
CT01349,Quality Magazine,Thriller,Series,2024,63
CT01350,Hour Student,Sci-Fi,Series,2014,33
CT01351,Whose Part,Action,Movie,2018,93
CT01352,Total Art,Documentary,Series,2018,47
CT01353,Expert Individual,Romance,Movie,2025,137
CT01354,Describe Avoid,Documentary,Series,2019,54
CT01355,Identify Investment,Drama,Movie,2022,161
CT01356,Reach Agent,Drama,Series,2019,42
CT01357,Discussion Should,Animation,Series,2010,21
CT01358,Nice Middle,Documentary,Series,2022,39
CT01359,Strategy Church,Documentary,Series,2026,32
CT01360,Lose Improve,Thriller,Movie,2017,143
CT01361,Challenge Song,Documentary,Series,2019,68
CT01362,Write About,Comedy,Movie,2018,113
CT01363,They As,Sci-Fi,Movie,2024,116
CT01364,Cost Decide,Action,Movie,2014,110
CT01365,Seek Cultural,Romance,Series,2020,24
CT01366,Often Heart,Comedy,Series,2016,67
CT01367,Require Space,Animation,Series,2025,58
CT01368,Painting Research,Drama,Movie,2020,137
CT01369,Mean Learn,Romance,Series,2017,64
CT01370,Will Or,Comedy,Movie,2025,126
CT01371,Certainly Politics,Action,Movie,2021,113
CT01372,Woman House,Action,Series,2023,28
CT01373,Mother Type,Comedy,Series,2014,34
CT01374,Store Film,Thriller,Movie,2016,154
CT01375,Step Argue,Documentary,Series,2024,49
CT01376,Thus Option,Action,Movie,2011,99
CT01377,Owner Meeting,Action,Series,2016,52
CT01378,Risk Maybe,Action,Movie,2020,81
CT01379,Series Would,Thriller,Movie,2011,93
CT01380,Air Place,Thriller,Movie,2012,171
CT01381,Both War,Romance,Series,2010,67
CT01382,Situation Age,Comedy,Movie,2026,176
CT01383,Civil Animal,Sci-Fi,Series,2019,55
CT01384,Car Lay,Action,Series,2016,51
CT01385,Some Add,Romance,Movie,2022,82
CT01386,Capital Four,Action,Movie,2025,123
CT01387,Assume Room,Sci-Fi,Movie,2026,174
CT01388,Over Great,Drama,Series,2019,31
CT01389,Itself Report,Sci-Fi,Series,2010,52
CT01390,Popular Be,Thriller,Movie,2020,112
CT01391,Likely Discover,Action,Movie,2014,125
CT01392,Over Hold,Comedy,Movie,2015,109
CT01393,Old Run,Sci-Fi,Movie,2016,164
CT01394,Because Real,Drama,Series,2015,25
CT01395,Book Ground,Thriller,Movie,2018,94
CT01396,Firm Decade,Comedy,Series,2017,42
CT01397,Agree Gas,Documentary,Movie,2025,178
CT01398,Game Ok,Thriller,Movie,2024,147
CT01399,Memory Place,Comedy,Series,2010,49
CT01400,None Respond,Action,Movie,2014,85
CT01401,Agency Something,Drama,Movie,2010,138
CT01402,Happy Per,Thriller,Series,2016,58
CT01403,Put Ground,Sci-Fi,Series,2018,25
CT01404,Suddenly Around,Documentary,Movie,2017,164
CT01405,Media Effort,Romance,Movie,2011,166
CT01406,Race Radio,Drama,Movie,2012,113
CT01407,Responsibility Bring,Thriller,Movie,2021,150
CT01408,Wall Evidence,Drama,Series,2020,64
CT01409,Whole Simple,Comedy,Movie,2021,93
CT01410,Similar Always,Romance,Movie,2017,168
CT01411,High Population,Thriller,Series,2024,63
CT01412,Wear Green,Thriller,Movie,2014,180
CT01413,Majority Think,Romance,Movie,2021,104
CT01414,Apply Recent,Documentary,Series,2026,58
CT01415,From Street,Sci-Fi,Series,2016,53
CT01416,This Work,Comedy,Series,2012,30
CT01417,Particularly Production,Documentary,Movie,2024,154
CT01418,Moment Standard,Thriller,Movie,2025,145
CT01419,Upon Our,Animation,Series,2013,24
CT01420,Your Box,Documentary,Movie,2011,160
CT01421,Clearly Listen,Drama,Series,2021,20
CT01422,Arm At,Drama,Series,2014,66
CT01423,Safe Finish,Romance,Series,2011,52
CT01424,Writer Candidate,Action,Movie,2010,130
CT01425,Color Any,Animation,Movie,2026,85
CT01426,Card Me,Drama,Movie,2026,118
CT01427,Church Appear,Drama,Movie,2013,114
CT01428,Imagine Likely,Sci-Fi,Series,2019,60
CT01429,Hear Base,Action,Movie,2024,92
CT01430,Rich Option,Thriller,Series,2014,42
CT01431,Upon Number,Romance,Series,2021,57
CT01432,Conference Operation,Sci-Fi,Movie,2016,108
CT01433,Show Before,Romance,Movie,2016,147
CT01434,Another Dream,Sci-Fi,Series,2010,41
CT01435,Business Sport,Thriller,Movie,2021,86
CT01436,Teach Interest,Sci-Fi,Series,2024,57
CT01437,Hit Painting,Thriller,Series,2020,54
CT01438,Thousand Charge,Animation,Movie,2013,89
CT01439,Authority Seem,Drama,Movie,2017,146
CT01440,Century Move,Action,Series,2018,24
CT01441,Clear Couple,Thriller,Movie,2013,115
CT01442,Federal Those,Documentary,Series,2012,57
CT01443,Happen Offer,Drama,Movie,2020,128
CT01444,Wear Power,Animation,Series,2010,64
CT01445,Compare Sport,Drama,Series,2012,56
CT01446,Gas Fine,Thriller,Movie,2015,133
CT01447,Phone National,Action,Movie,2024,114
CT01448,Religious View,Romance,Series,2010,61
CT01449,Goal Blood,Documentary,Movie,2018,126
CT01450,Resource Their,Comedy,Movie,2025,107
CT01451,Keep Although,Drama,Series,2016,35
CT01452,Social Central,Action,Series,2018,66
CT01453,Often Including,Action,Series,2015,49
CT01454,Paper Specific,Drama,Series,2025,26
CT01455,Price Remain,Drama,Series,2019,66
CT01456,Role Good,Comedy,Series,2020,40
CT01457,Floor Rise,Action,Movie,2026,155
CT01458,Happen Claim,Comedy,Series,2026,50
CT01459,Strong Several,Animation,Movie,2020,173
CT01460,News Sign,Sci-Fi,Movie,2012,113
CT01461,Maintain Carry,Sci-Fi,Movie,2022,109
CT01462,Agreement Identify,Sci-Fi,Series,2026,34
CT01463,Child Let,Documentary,Movie,2020,104
CT01464,Body Along,Sci-Fi,Series,2019,39
CT01465,Protect Take,Thriller,Series,2026,33
CT01466,Office Court,Comedy,Series,2015,70
CT01467,Feeling Wish,Drama,Series,2022,37
CT01468,Down Assume,Romance,Series,2014,24
CT01469,Here Front,Action,Movie,2010,95
CT01470,Peace Until,Sci-Fi,Series,2020,69
CT01471,Whose Issue,Action,Movie,2026,160
CT01472,Moment Test,Action,Movie,2014,144
CT01473,Project Large,Animation,Movie,2015,102
CT01474,Speak Modern,Comedy,Movie,2016,161
CT01475,Interview Security,Sci-Fi,Movie,2025,174
CT01476,Determine Hot,Drama,Movie,2017,126
CT01477,Spring North,Action,Movie,2016,162
CT01478,New This,Action,Movie,2025,93
CT01479,Although Color,Action,Movie,2011,180
CT01480,Attention Push,Documentary,Series,2026,37
CT01481,Use Ever,Action,Movie,2013,148
CT01482,Budget Bring,Comedy,Movie,2018,131
CT01483,Myself Sister,Action,Series,2020,67
CT01484,Accept Alone,Sci-Fi,Series,2018,64
CT01485,Probably Crime,Comedy,Series,2026,36
CT01486,Down See,Comedy,Movie,2011,83
CT01487,Most Check,Sci-Fi,Movie,2020,98
CT01488,Certain Fine,Action,Series,2024,30
CT01489,Main Give,Action,Movie,2011,155
CT01490,Note At,Comedy,Movie,2024,113
CT01491,Determine Miss,Thriller,Series,2019,61
CT01492,Movement Financial,Action,Series,2015,52
CT01493,New So,Romance,Series,2024,35
CT01494,Trip Seem,Thriller,Series,2014,23
CT01495,Teach Happen,Drama,Movie,2016,168
CT01496,Risk Note,Drama,Series,2011,68
CT01497,Final Entire,Thriller,Movie,2020,99
CT01498,Five Clearly,Romance,Series,2014,61
CT01499,Because Century,Comedy,Series,2021,29
CT01500,Before Economic,Documentary,Series,2025,20
CT01501,Big Industry,Drama,Movie,2020,174
CT01502,So Weight,Drama,Series,2016,39
CT01503,Sea Way,Animation,Movie,2015,146
CT01504,Health Interview,Romance,Movie,2025,136
CT01505,Alone Design,Documentary,Series,2014,30
CT01506,Improve Second,Sci-Fi,Movie,2024,147
CT01507,Argue Must,Animation,Movie,2018,137
CT01508,Than Option,Animation,Movie,2018,119
CT01509,Either Especially,Comedy,Series,2014,62
CT01510,Dream Boy,Animation,Movie,2025,108
CT01511,Rock Run,Romance,Movie,2014,163
CT01512,Thing Not,Thriller,Movie,2011,158
CT01513,Close Wife,Drama,Movie,2013,116
CT01514,Know Station,Sci-Fi,Movie,2017,104
CT01515,Finally Capital,Sci-Fi,Series,2020,64
CT01516,Meeting Current,Action,Series,2021,42
CT01517,Billion Behind,Drama,Series,2020,55
CT01518,Employee Improve,Animation,Movie,2021,129
CT01519,Build Term,Sci-Fi,Series,2020,28
CT01520,Experience Argue,Animation,Movie,2019,95
CT01521,Either Upon,Thriller,Movie,2019,110
CT01522,Although Section,Thriller,Movie,2018,160
CT01523,Than Forward,Comedy,Movie,2026,95
CT01524,Try Off,Comedy,Movie,2026,148
CT01525,Two Group,Drama,Movie,2018,161
CT01526,Economy Type,Thriller,Movie,2024,114
CT01527,Business Mind,Action,Series,2024,25
CT01528,Television Product,Romance,Movie,2017,171
CT01529,Blue Vote,Animation,Movie,2017,151
CT01530,Expect Rule,Documentary,Series,2023,22
CT01531,Against Push,Comedy,Movie,2010,172
CT01532,Sound Measure,Comedy,Movie,2025,141
CT01533,Ball Hundred,Thriller,Movie,2013,94
CT01534,Box Approach,Thriller,Movie,2025,161
CT01535,Wait Road,Comedy,Movie,2022,136
CT01536,Yeah By,Action,Movie,2024,151
CT01537,Same Thing,Sci-Fi,Movie,2020,86
CT01538,Assume Themselves,Comedy,Series,2019,56
CT01539,Team Age,Thriller,Movie,2015,151
CT01540,Learn Hear,Sci-Fi,Series,2022,54
CT01541,Risk Daughter,Drama,Movie,2016,130
CT01542,Will Mean,Sci-Fi,Movie,2011,127
CT01543,Must East,Action,Series,2010,56
CT01544,Door Family,Action,Series,2020,53
CT01545,Attention New,Romance,Series,2010,42
CT01546,Child Blue,Drama,Series,2011,39
CT01547,Economic Else,Documentary,Movie,2020,89
CT01548,Republican People,Comedy,Movie,2024,143
CT01549,Themselves Standard,Romance,Movie,2025,179
CT01550,Soon How,Drama,Series,2013,33
CT01551,Democrat Drive,Action,Movie,2022,102
CT01552,President Always,Sci-Fi,Series,2013,32
CT01553,Item Compare,Thriller,Series,2013,38
CT01554,Visit Organization,Comedy,Series,2016,61
CT01555,Song Answer,Animation,Movie,2021,100
CT01556,Rate Guy,Thriller,Series,2026,41
CT01557,Myself Government,Romance,Movie,2020,95
CT01558,Than Fact,Thriller,Movie,2026,105
CT01559,News Democrat,Romance,Series,2021,52
CT01560,Statement Where,Sci-Fi,Series,2014,47
CT01561,Camera Include,Drama,Series,2018,27
CT01562,Notice Of,Action,Movie,2013,136
CT01563,Ago Site,Sci-Fi,Series,2020,40
CT01564,Back Career,Action,Movie,2022,162
CT01565,Box Professor,Comedy,Movie,2013,120
CT01566,Whose Hour,Comedy,Movie,2021,133
CT01567,Fall Its,Drama,Movie,2026,121
CT01568,Food Figure,Action,Series,2014,24
CT01569,Three Response,Action,Movie,2024,138
CT01570,Main Behind,Comedy,Series,2019,33
CT01571,Exactly However,Thriller,Movie,2013,162
CT01572,Feeling Hot,Documentary,Movie,2025,166
CT01573,Magazine According,Animation,Movie,2024,159
CT01574,Two Decade,Action,Series,2011,36
CT01575,Whom Reflect,Documentary,Movie,2012,101
CT01576,Too Culture,Drama,Series,2020,45
CT01577,Boy Situation,Sci-Fi,Series,2025,29
CT01578,Around Company,Documentary,Movie,2023,174
CT01579,Deep Yourself,Sci-Fi,Movie,2025,84
CT01580,Fall Drug,Animation,Movie,2010,162
CT01581,Short Present,Thriller,Series,2014,60
CT01582,How Avoid,Animation,Series,2023,60
CT01583,Field Floor,Sci-Fi,Movie,2010,134
CT01584,Apply Explain,Drama,Movie,2026,93
CT01585,Ask You,Romance,Movie,2024,153
CT01586,Interview Like,Action,Movie,2020,117
CT01587,Board College,Drama,Movie,2025,174
CT01588,Notice Test,Sci-Fi,Series,2013,34
CT01589,Long Building,Animation,Movie,2011,113
CT01590,Eat Us,Comedy,Series,2024,53
CT01591,Six Help,Comedy,Series,2017,43
CT01592,Answer Check,Drama,Series,2025,30
CT01593,Your Check,Thriller,Movie,2026,83
CT01594,Wonder Recently,Action,Movie,2023,178
CT01595,Bar Blood,Documentary,Series,2013,42
CT01596,Lawyer Bag,Romance,Movie,2018,147
CT01597,Statement Thus,Comedy,Movie,2018,177
CT01598,Toward Well,Animation,Series,2016,36
CT01599,Effect Describe,Sci-Fi,Movie,2023,138
CT01600,Maintain Individual,Thriller,Series,2019,66
CT01601,Performance Media,Animation,Series,2019,64
CT01602,Run West,Action,Movie,2016,161
CT01603,Difficult Magazine,Action,Movie,2017,80
CT01604,Always Day,Action,Movie,2017,149
CT01605,Act Thought,Thriller,Movie,2026,123
CT01606,Speech Language,Drama,Movie,2025,116
CT01607,Marriage Wait,Comedy,Series,2013,67
CT01608,Walk Small,Documentary,Series,2015,24
CT01609,Air Support,Romance,Movie,2013,167
CT01610,Occur Exist,Romance,Series,2022,28
CT01611,Score Prove,Drama,Movie,2012,116
CT01612,With Operation,Comedy,Series,2024,65
CT01613,Writer Music,Comedy,Movie,2021,114
CT01614,Exist Sea,Thriller,Movie,2018,142
CT01615,Huge Improve,Comedy,Series,2025,53
CT01616,Line Manage,Animation,Series,2023,55
CT01617,Kitchen Task,Comedy,Movie,2024,116
CT01618,Into Front,Action,Series,2015,33
CT01619,Ok Center,Drama,Series,2018,23
CT01620,Health Detail,Romance,Movie,2014,82
CT01621,Set Expect,Comedy,Movie,2025,167
CT01622,Official Recent,Drama,Movie,2023,176
CT01623,Vote Past,Drama,Movie,2025,165
CT01624,Plan Ball,Animation,Series,2023,41
CT01625,Staff Guy,Drama,Movie,2023,168
CT01626,Short Blue,Sci-Fi,Movie,2022,82
CT01627,Summer Professor,Action,Movie,2026,139
CT01628,To Goal,Romance,Series,2015,60
CT01629,Join However,Animation,Movie,2022,104
CT01630,Will According,Animation,Series,2015,40
CT01631,Drop Believe,Comedy,Movie,2017,104
CT01632,Behavior Such,Romance,Series,2019,40
CT01633,Worry Agreement,Drama,Series,2011,32
CT01634,Political Little,Action,Movie,2021,102
CT01635,Until Large,Drama,Series,2012,36
CT01636,Institution No,Action,Movie,2022,119
CT01637,Town During,Animation,Series,2012,36
CT01638,Have Of,Animation,Movie,2010,158
CT01639,Peace First,Comedy,Series,2018,29
CT01640,Friend Teach,Comedy,Movie,2016,154
CT01641,Above Teach,Thriller,Series,2011,63
CT01642,Position High,Romance,Series,2015,66
CT01643,Hotel Miss,Documentary,Movie,2023,123
CT01644,Night Senior,Action,Movie,2020,164
CT01645,Quality Behind,Documentary,Movie,2016,140
CT01646,Relate Season,Comedy,Movie,2014,156
CT01647,Size Statement,Drama,Movie,2020,138
CT01648,Suggest With,Animation,Movie,2014,150
CT01649,Law Expert,Romance,Series,2015,44
CT01650,Factor Get,Drama,Series,2022,60
CT01651,Treat Career,Animation,Series,2017,27
CT01652,Garden Recently,Drama,Movie,2011,97
CT01653,Friend General,Romance,Movie,2014,151
CT01654,Serve Population,Animation,Movie,2024,177
CT01655,Plan Image,Romance,Movie,2021,131
CT01656,Manage Sit,Romance,Movie,2020,80
CT01657,Nearly Name,Thriller,Series,2017,23
CT01658,Share She,Documentary,Movie,2011,107
CT01659,Strong Seek,Comedy,Movie,2017,112
CT01660,Prove Meeting,Comedy,Movie,2013,97
CT01661,Head Quality,Documentary,Movie,2014,175
CT01662,International Ground,Documentary,Movie,2018,101
CT01663,Camera Value,Animation,Movie,2013,163
CT01664,Economy Successful,Action,Movie,2010,101
CT01665,Tough For,Action,Movie,2019,127
CT01666,Customer Somebody,Sci-Fi,Movie,2015,129
CT01667,Movie Finally,Documentary,Movie,2020,96
CT01668,Three Very,Drama,Movie,2020,115
CT01669,We Figure,Action,Movie,2026,131
CT01670,Back State,Animation,Movie,2022,171
CT01671,Leader Within,Animation,Series,2021,66
CT01672,At Offer,Romance,Movie,2023,143
CT01673,Police Behind,Drama,Movie,2017,140
CT01674,Rate Relationship,Comedy,Movie,2026,121
CT01675,Prepare Debate,Comedy,Movie,2021,89
CT01676,Ready Movement,Documentary,Movie,2016,130
CT01677,Life Boy,Romance,Movie,2024,130
CT01678,Suggest Kid,Documentary,Series,2016,65
CT01679,Provide Attention,Drama,Movie,2024,132
CT01680,Environment Effort,Documentary,Movie,2011,109
CT01681,Break Learn,Sci-Fi,Movie,2013,80
CT01682,Safe Walk,Thriller,Movie,2016,111
CT01683,Free Standard,Drama,Series,2026,24
CT01684,It Lay,Documentary,Series,2010,51
CT01685,Save Early,Sci-Fi,Movie,2013,164
CT01686,Grow Everybody,Romance,Movie,2010,99
CT01687,Both Science,Romance,Movie,2014,94
CT01688,Great Attention,Comedy,Movie,2022,92
CT01689,Mention Before,Documentary,Movie,2025,134
CT01690,Happy Us,Drama,Movie,2010,100
CT01691,Apply At,Romance,Series,2021,64
CT01692,Hope Top,Animation,Movie,2012,118
CT01693,Usually Make,Animation,Series,2014,66
CT01694,Manager Follow,Action,Series,2021,67
CT01695,Although Film,Documentary,Movie,2011,115
CT01696,Through Table,Action,Movie,2024,101
CT01697,Understand Matter,Comedy,Series,2026,24
CT01698,Doctor Building,Animation,Series,2024,46
CT01699,Across Art,Comedy,Movie,2022,174
CT01700,Study Exist,Comedy,Series,2011,63
CT01701,Something Low,Drama,Movie,2010,153
CT01702,Technology Garden,Sci-Fi,Movie,2011,128
CT01703,Open Move,Documentary,Series,2017,24
CT01704,When Them,Thriller,Movie,2025,166
CT01705,Open Happy,Drama,Series,2017,48
CT01706,Affect More,Sci-Fi,Series,2024,47
CT01707,Along Remember,Drama,Movie,2016,85
CT01708,Cold Few,Thriller,Movie,2024,80
CT01709,Tax Word,Comedy,Series,2026,20
CT01710,Worker System,Sci-Fi,Series,2024,60
CT01711,Level Most,Comedy,Movie,2025,118
CT01712,Catch Hair,Documentary,Movie,2022,87
CT01713,Rise Market,Comedy,Movie,2019,169
CT01714,Face Size,Comedy,Movie,2022,148
CT01715,Certain Available,Comedy,Movie,2016,172
CT01716,Section Quite,Drama,Movie,2015,104
CT01717,Present Walk,Action,Movie,2012,178
CT01718,Would Country,Action,Movie,2025,152
CT01719,Either Dinner,Animation,Series,2011,32
CT01720,Their Field,Action,Series,2010,47
CT01721,Anything Candidate,Documentary,Movie,2024,166
CT01722,Environment Guy,Comedy,Movie,2023,130
CT01723,Participant President,Documentary,Movie,2024,166
CT01724,Remain Trip,Action,Movie,2019,132
CT01725,Medical Because,Thriller,Series,2010,44
CT01726,Send Not,Romance,Movie,2026,130
CT01727,Nearly Become,Sci-Fi,Movie,2023,177
CT01728,Station Line,Sci-Fi,Series,2012,28
CT01729,Town Pass,Drama,Movie,2012,130
CT01730,Market Forget,Action,Series,2022,22
CT01731,Eight Ball,Drama,Movie,2012,144
CT01732,Learn Behind,Drama,Series,2026,59
CT01733,Whole Discover,Thriller,Movie,2018,123
CT01734,Work Church,Thriller,Series,2023,64
CT01735,Life Maintain,Romance,Movie,2018,122
CT01736,Serve News,Romance,Movie,2016,150
CT01737,Rich Alone,Animation,Series,2010,52
CT01738,Scene Figure,Animation,Movie,2021,169
CT01739,Though Focus,Thriller,Movie,2023,105
CT01740,West Especially,Thriller,Movie,2015,160
CT01741,Cold Rule,Animation,Movie,2014,140
CT01742,Store Technology,Romance,Series,2015,27
CT01743,Hospital Cut,Animation,Movie,2022,85
CT01744,Recently Hard,Romance,Movie,2016,106
CT01745,Factor Process,Documentary,Series,2017,41
CT01746,Cultural Media,Romance,Movie,2019,160
CT01747,Thing Change,Animation,Series,2024,41
CT01748,He Rock,Comedy,Movie,2017,151
CT01749,Total Travel,Sci-Fi,Movie,2014,114
CT01750,Education Skin,Thriller,Movie,2019,125
CT01751,Put Science,Comedy,Movie,2021,106
CT01752,Product Forget,Documentary,Series,2025,51
CT01753,Pick While,Comedy,Series,2025,51
CT01754,Letter Three,Thriller,Movie,2012,160
CT01755,Actually May,Romance,Movie,2020,152
CT01756,Provide Everyone,Romance,Series,2018,50
CT01757,Behavior Face,Drama,Movie,2022,110
CT01758,Wall North,Comedy,Movie,2010,116
CT01759,Great Give,Comedy,Movie,2011,95
CT01760,Dog Weight,Romance,Series,2017,49
CT01761,Bed Tend,Documentary,Series,2026,39
CT01762,People Something,Thriller,Movie,2025,81
CT01763,Within Research,Romance,Movie,2011,112
CT01764,Week Positive,Drama,Movie,2011,143
CT01765,Attack Likely,Documentary,Movie,2013,90
CT01766,From Relationship,Thriller,Movie,2017,124
CT01767,Democratic Not,Comedy,Movie,2015,156
CT01768,Paper Sing,Romance,Movie,2021,97
CT01769,Direction Name,Comedy,Movie,2012,152
CT01770,Century Example,Thriller,Movie,2026,94
CT01771,West Pressure,Romance,Movie,2013,97
CT01772,Within Eight,Action,Series,2016,64
CT01773,Watch Party,Thriller,Series,2026,27
CT01774,Drive Decision,Animation,Series,2015,35
CT01775,Available Even,Sci-Fi,Movie,2018,169
CT01776,Hit Care,Romance,Series,2018,42
CT01777,See Computer,Action,Movie,2022,144
CT01778,Protect Manager,Action,Movie,2018,148
CT01779,Animal Current,Animation,Movie,2021,143
CT01780,Situation Strategy,Animation,Movie,2017,83
CT01781,Raise Main,Documentary,Movie,2023,112
CT01782,Newspaper Central,Documentary,Movie,2011,106
CT01783,Prove Family,Sci-Fi,Series,2025,29
CT01784,Data Physical,Documentary,Movie,2011,84
CT01785,Economic Low,Action,Series,2021,54
CT01786,Very Although,Action,Series,2014,21
CT01787,Agency Mother,Comedy,Series,2014,65
CT01788,Yeah Two,Comedy,Movie,2021,113
CT01789,Too Painting,Thriller,Movie,2012,133
CT01790,Level Should,Romance,Series,2013,53
CT01791,Should Plant,Romance,Series,2015,66
CT01792,Season President,Documentary,Movie,2016,152
CT01793,Suggest Note,Romance,Movie,2014,158
CT01794,Street Month,Comedy,Movie,2010,87
CT01795,Movie Read,Animation,Movie,2022,86
CT01796,Dinner Off,Comedy,Series,2016,57
CT01797,None Police,Thriller,Series,2023,52
CT01798,Attack Because,Documentary,Series,2021,54
CT01799,Happy Man,Documentary,Movie,2010,160
CT01800,Read Live,Comedy,Movie,2024,135
CT01801,Yard Wait,Comedy,Series,2013,40
CT01802,Sometimes Apply,Romance,Movie,2013,135
CT01803,Else Poor,Comedy,Movie,2015,141
CT01804,Response Dinner,Action,Series,2022,68
CT01805,Drop Keep,Sci-Fi,Movie,2013,105
CT01806,Least Federal,Animation,Series,2019,32
CT01807,According Small,Comedy,Movie,2013,175
CT01808,Include Work,Action,Movie,2013,114
CT01809,Research Suddenly,Drama,Series,2017,61
CT01810,Six Attention,Romance,Movie,2025,127
CT01811,Any Alone,Comedy,Series,2014,57
CT01812,Gas Help,Documentary,Movie,2011,144
CT01813,Stock Create,Action,Movie,2014,167
CT01814,Part Myself,Thriller,Movie,2010,112
CT01815,Standard Group,Animation,Series,2010,22
CT01816,Ability Land,Drama,Movie,2022,175
CT01817,First Cultural,Sci-Fi,Series,2019,64
CT01818,Measure Letter,Sci-Fi,Series,2015,50
CT01819,Pay Process,Animation,Series,2012,26
CT01820,Discover Size,Action,Movie,2014,179
CT01821,Get Institution,Drama,Movie,2025,169
CT01822,Issue Task,Animation,Series,2013,49
CT01823,Material Report,Thriller,Series,2018,40
CT01824,Hold Life,Documentary,Series,2013,64
CT01825,Hold Any,Comedy,Movie,2020,101
CT01826,Significant Development,Action,Series,2018,38
CT01827,Push Race,Comedy,Series,2012,48
CT01828,Cell Another,Documentary,Movie,2021,172
CT01829,Share Little,Sci-Fi,Movie,2010,134
CT01830,Sell Mrs,Thriller,Series,2023,58
CT01831,Fill Which,Documentary,Movie,2010,109
CT01832,Author Mr,Documentary,Movie,2012,150
CT01833,Can Price,Animation,Movie,2022,157
CT01834,Ok Grow,Documentary,Series,2010,41
CT01835,Item Per,Comedy,Series,2015,21
CT01836,Financial Manage,Sci-Fi,Series,2024,29
CT01837,Born Present,Romance,Series,2022,20
CT01838,As Subject,Sci-Fi,Movie,2016,81
CT01839,Significant Edge,Thriller,Series,2025,40
CT01840,Somebody Seek,Action,Movie,2012,103
CT01841,Allow For,Documentary,Movie,2026,155
CT01842,Door Country,Action,Series,2022,41
CT01843,Back Look,Comedy,Series,2018,45
CT01844,Check Ability,Comedy,Series,2025,37
CT01845,Describe Population,Thriller,Movie,2022,100
CT01846,Management Whole,Drama,Movie,2017,130
CT01847,Risk Recent,Romance,Series,2020,61
CT01848,Five Question,Documentary,Series,2018,30
CT01849,Employee Sea,Sci-Fi,Movie,2026,117
CT01850,Seven Institution,Animation,Movie,2024,180
CT01851,Letter Lay,Documentary,Movie,2021,166
CT01852,Production Budget,Documentary,Series,2026,41
CT01853,Degree Sound,Action,Series,2011,54
CT01854,He Administration,Thriller,Movie,2022,135
CT01855,Write Shoulder,Comedy,Series,2017,27
CT01856,Check Point,Sci-Fi,Movie,2014,104
CT01857,Fly Rule,Drama,Movie,2020,115
CT01858,Body Tax,Comedy,Movie,2012,138
CT01859,Certainly Clear,Thriller,Movie,2015,128
CT01860,Several Write,Thriller,Movie,2010,89
CT01861,Official Mean,Thriller,Movie,2011,120
CT01862,On Firm,Action,Movie,2014,117
CT01863,Not Relationship,Comedy,Movie,2017,80
CT01864,Kitchen Window,Comedy,Movie,2025,80
CT01865,Beautiful Mouth,Sci-Fi,Series,2013,26
CT01866,Go Dinner,Romance,Movie,2020,103
CT01867,Summer Point,Animation,Movie,2026,144
CT01868,Fly Single,Romance,Movie,2014,179
CT01869,Book Rather,Sci-Fi,Series,2010,52
CT01870,Chair Safe,Romance,Movie,2011,80
CT01871,Issue Social,Documentary,Movie,2026,91
CT01872,Among Dog,Comedy,Series,2021,38
CT01873,Wind Whom,Comedy,Movie,2026,110
CT01874,Future Next,Drama,Series,2013,39
CT01875,Budget Son,Documentary,Series,2021,27
CT01876,Music Paper,Comedy,Movie,2020,148
CT01877,Skill Up,Documentary,Movie,2011,166
CT01878,Parent Later,Comedy,Movie,2012,102
CT01879,Brother Before,Romance,Movie,2018,116
CT01880,Whatever Prepare,Thriller,Movie,2023,125
CT01881,Order Without,Romance,Movie,2014,104
CT01882,Worker Something,Drama,Movie,2022,150
CT01883,Voice Organization,Thriller,Movie,2016,146
CT01884,Whole Start,Drama,Movie,2017,80
CT01885,Woman Group,Romance,Movie,2012,131
CT01886,Born Majority,Thriller,Movie,2012,139
CT01887,Significant Foot,Documentary,Series,2020,50
CT01888,Simply Scene,Romance,Movie,2010,99
CT01889,War Fund,Comedy,Movie,2021,100
CT01890,Human Sometimes,Sci-Fi,Series,2012,39
CT01891,Media You,Animation,Movie,2015,105
CT01892,Argue Marriage,Comedy,Movie,2026,109
CT01893,Best Test,Action,Series,2022,56
CT01894,My Reach,Drama,Movie,2020,81
CT01895,Unit Everything,Action,Series,2015,45
CT01896,Couple Travel,Comedy,Series,2017,56
CT01897,Always Gas,Comedy,Movie,2025,120
CT01898,Big More,Thriller,Series,2014,66
CT01899,Describe Why,Drama,Movie,2019,119
CT01900,Leg Situation,Documentary,Movie,2018,160
CT01901,Current Turn,Action,Movie,2025,100
CT01902,Right Agent,Action,Series,2022,30
CT01903,Skin Discover,Animation,Movie,2025,108
CT01904,Whose Your,Thriller,Movie,2016,92
CT01905,Star Almost,Sci-Fi,Movie,2017,82
CT01906,Maybe Sea,Romance,Movie,2018,91
CT01907,Interesting Production,Animation,Series,2021,31
CT01908,Card Modern,Sci-Fi,Movie,2025,175
CT01909,A Develop,Thriller,Movie,2014,120
CT01910,Out Idea,Drama,Movie,2017,88
CT01911,Hope Crime,Romance,Movie,2026,96
CT01912,Short President,Comedy,Movie,2022,150
CT01913,Community Magazine,Animation,Series,2018,34
CT01914,Spring Include,Documentary,Series,2026,34
CT01915,City Coach,Documentary,Movie,2013,140
CT01916,Room Response,Animation,Movie,2023,82
CT01917,Result Throughout,Thriller,Movie,2025,170
CT01918,Population Day,Romance,Movie,2012,136
CT01919,Story Always,Romance,Series,2015,59
CT01920,Evidence Plant,Animation,Movie,2019,87
CT01921,Left Data,Romance,Movie,2010,84
CT01922,Seat Himself,Sci-Fi,Series,2023,33
CT01923,Particularly Man,Thriller,Movie,2013,87
CT01924,Culture Plant,Animation,Movie,2017,100
CT01925,Pretty Region,Comedy,Series,2024,31
CT01926,Mrs House,Drama,Movie,2026,115
CT01927,Learn Beat,Comedy,Movie,2021,160
CT01928,Two Home,Comedy,Movie,2023,101
CT01929,Develop During,Sci-Fi,Series,2011,49
CT01930,Expect Song,Thriller,Series,2025,56
CT01931,Send Remain,Sci-Fi,Movie,2024,170
CT01932,President Can,Animation,Movie,2015,107
CT01933,Job Range,Thriller,Movie,2016,92
CT01934,According Education,Thriller,Movie,2011,130
CT01935,Very Improve,Thriller,Movie,2018,130
CT01936,Minute Miss,Animation,Movie,2013,110
CT01937,Will Will,Action,Series,2013,66
CT01938,Test Style,Documentary,Series,2022,64
CT01939,Former Thing,Comedy,Series,2013,70
CT01940,Arm Against,Sci-Fi,Series,2023,29
CT01941,Right Name,Animation,Series,2011,37
CT01942,Stop World,Documentary,Movie,2016,90
CT01943,Various Billion,Thriller,Series,2019,52
CT01944,Security Source,Documentary,Series,2011,21
CT01945,Anything Responsibility,Documentary,Movie,2015,145
CT01946,Act White,Romance,Movie,2015,91
CT01947,Heart Put,Action,Series,2019,69
CT01948,Have Source,Documentary,Series,2024,37
CT01949,Who Major,Romance,Series,2018,50
CT01950,Green Issue,Romance,Series,2015,69
CT01951,Let Support,Drama,Series,2022,63
CT01952,Material Within,Drama,Movie,2013,175
CT01953,Environmental Reality,Drama,Movie,2011,151
CT01954,Bed Represent,Thriller,Movie,2020,172
CT01955,Strategy Feel,Comedy,Movie,2017,119
CT01956,Go Stand,Sci-Fi,Series,2010,67
CT01957,Light Professor,Documentary,Movie,2019,88
CT01958,Moment Game,Romance,Movie,2013,125
CT01959,Note Military,Documentary,Movie,2011,97
CT01960,Meeting Window,Animation,Movie,2019,110
CT01961,Heart Process,Thriller,Movie,2010,125
CT01962,Direction Describe,Thriller,Series,2019,52
CT01963,Many Dark,Drama,Series,2024,55
CT01964,Enough Easy,Sci-Fi,Series,2018,29
CT01965,Stage Determine,Action,Movie,2019,172
CT01966,Enjoy Her,Sci-Fi,Series,2014,52
CT01967,Fly Stuff,Drama,Movie,2016,80
CT01968,Challenge Go,Sci-Fi,Series,2018,65
CT01969,Lawyer Bring,Romance,Movie,2020,169
CT01970,Day Toward,Comedy,Movie,2025,105
CT01971,Avoid Size,Thriller,Series,2014,24
CT01972,Green Total,Comedy,Movie,2020,96
CT01973,Personal Commercial,Romance,Series,2014,67
CT01974,Might Remember,Thriller,Movie,2012,112
CT01975,Explain Play,Drama,Movie,2015,106
CT01976,Most Standard,Drama,Movie,2025,147
CT01977,Environmental Air,Sci-Fi,Series,2022,50
CT01978,Bad Prove,Drama,Movie,2022,180
CT01979,Only Talk,Thriller,Series,2014,23
CT01980,Forget Behavior,Comedy,Movie,2011,90
CT01981,Small Single,Drama,Series,2021,48
CT01982,Ability Growth,Thriller,Movie,2016,130
CT01983,Road Production,Thriller,Movie,2018,157
CT01984,Price Stop,Thriller,Movie,2011,106
CT01985,Term Current,Comedy,Series,2014,27
CT01986,Analysis Bank,Comedy,Movie,2025,116
CT01987,Under Religious,Animation,Movie,2024,83
CT01988,Name Spring,Sci-Fi,Movie,2025,99
CT01989,Time Enough,Action,Movie,2023,139
CT01990,Learn Career,Action,Series,2013,54
CT01991,Full Close,Comedy,Movie,2019,112
CT01992,Trade Evidence,Action,Movie,2012,157
CT01993,Than Beautiful,Comedy,Movie,2016,172
CT01994,Evidence Add,Documentary,Series,2011,25
CT01995,Party That,Action,Series,2018,58
CT01996,Clearly By,Documentary,Movie,2019,98
CT01997,Loss Image,Sci-Fi,Movie,2022,155
CT01998,Walk Population,Comedy,Series,2023,32
CT01999,Into Green,Thriller,Movie,2021,107
CT02000,Already Relate,Romance,Movie,2014,141
CT02001,Unit Raise,Comedy,Series,2013,30
CT02002,One Hope,Animation,Movie,2023,179
CT02003,Control Represent,Comedy,Series,2018,70
CT02004,Quickly Visit,Documentary,Movie,2020,154
CT02005,Blue Son,Animation,Series,2014,48
CT02006,All Their,Drama,Movie,2020,118
CT02007,Police Always,Sci-Fi,Series,2023,42
CT02008,Those Right,Drama,Series,2026,63
CT02009,Box Kitchen,Sci-Fi,Series,2016,58
CT02010,Put Fact,Action,Movie,2020,109
CT02011,Dinner Glass,Animation,Movie,2015,124
CT02012,Scene Stage,Thriller,Movie,2020,124
CT02013,Network President,Comedy,Movie,2022,82
CT02014,Hand Money,Romance,Movie,2014,170
CT02015,Five Prove,Animation,Series,2013,61
CT02016,Young Anything,Animation,Series,2012,70
CT02017,You Protect,Sci-Fi,Series,2011,47
CT02018,Conference Direction,Sci-Fi,Movie,2023,98
CT02019,Do There,Thriller,Movie,2018,176
CT02020,Building Edge,Romance,Movie,2019,155
CT02021,Employee Head,Drama,Series,2015,39
CT02022,Weight Off,Action,Movie,2019,96
CT02023,Continue Past,Animation,Movie,2022,174
CT02024,Give Eight,Animation,Movie,2024,84
CT02025,Public Party,Comedy,Movie,2024,114
CT02026,Foot These,Documentary,Movie,2014,160
CT02027,News Perhaps,Sci-Fi,Movie,2015,142
CT02028,Rule Sometimes,Documentary,Movie,2015,132
CT02029,Use Anything,Drama,Series,2011,33
CT02030,Major Nature,Drama,Series,2019,34
CT02031,Near Next,Sci-Fi,Movie,2018,81
CT02032,Near Interview,Romance,Movie,2020,91
CT02033,Action Tree,Romance,Series,2015,70
CT02034,Pass Office,Drama,Movie,2025,89
CT02035,Able Store,Romance,Movie,2022,101
CT02036,Skill Everything,Romance,Movie,2011,83
CT02037,Get Attack,Drama,Movie,2025,120
CT02038,Another Western,Action,Movie,2023,95
CT02039,Good Turn,Sci-Fi,Series,2011,37
CT02040,Tree Common,Comedy,Movie,2020,113
CT02041,Occur Account,Thriller,Movie,2016,170
CT02042,Father Realize,Comedy,Movie,2017,165
CT02043,Give Maybe,Romance,Movie,2016,161
CT02044,Leader Also,Action,Movie,2012,169
CT02045,Law Leave,Comedy,Movie,2017,153
CT02046,Upon Husband,Comedy,Movie,2014,146
CT02047,Himself Require,Comedy,Series,2011,37
CT02048,Meet Be,Thriller,Series,2018,28
CT02049,Wall In,Drama,Series,2014,49
CT02050,Adult So,Documentary,Series,2023,51
CT02051,Last Keep,Action,Movie,2012,150
CT02052,Off Join,Thriller,Movie,2021,151
CT02053,Serious Within,Comedy,Series,2011,43
CT02054,Large Culture,Documentary,Series,2023,48
CT02055,Member Box,Drama,Movie,2018,89
CT02056,Project Measure,Romance,Series,2016,21
CT02057,Meeting Property,Action,Movie,2010,95
CT02058,His Rate,Romance,Movie,2013,96
CT02059,Stay Traditional,Comedy,Series,2013,48
CT02060,Admit Hotel,Comedy,Movie,2020,177
CT02061,Rest Speech,Sci-Fi,Movie,2015,107
CT02062,Fear Recognize,Documentary,Movie,2011,153
CT02063,End Capital,Thriller,Movie,2023,141
CT02064,Cell Heavy,Romance,Movie,2023,148
CT02065,Bed People,Romance,Movie,2017,179
CT02066,Field Move,Romance,Series,2026,46
CT02067,Prevent Especially,Animation,Series,2018,36
CT02068,Manager Successful,Thriller,Movie,2010,122
CT02069,Sit House,Comedy,Movie,2020,95
CT02070,So Speech,Comedy,Series,2017,45
CT02071,Heart Magazine,Action,Series,2016,51
CT02072,Phone Hear,Drama,Series,2012,55
CT02073,Movement Democratic,Thriller,Movie,2013,146
CT02074,Wife Number,Sci-Fi,Series,2010,43
CT02075,Life Statement,Drama,Movie,2017,175
CT02076,Hair Look,Romance,Movie,2022,82
CT02077,Price Stand,Comedy,Movie,2020,127
CT02078,Development Method,Sci-Fi,Movie,2015,166
CT02079,Their Else,Thriller,Movie,2012,94
CT02080,Health Mean,Comedy,Movie,2024,146
CT02081,Type Anything,Romance,Series,2010,20
CT02082,Vote Bed,Documentary,Movie,2017,158
CT02083,Along Change,Romance,Series,2017,48
CT02084,Figure Back,Action,Series,2022,23
CT02085,Theory Past,Comedy,Series,2017,25
CT02086,Age Republican,Action,Series,2022,34
CT02087,While Hair,Documentary,Movie,2011,161
CT02088,Seek Then,Action,Movie,2023,90
CT02089,Other Big,Sci-Fi,Movie,2013,127
CT02090,Leader Politics,Action,Series,2018,21
CT02091,Employee Result,Action,Movie,2010,165
CT02092,Term Similar,Thriller,Series,2023,54
CT02093,From Pass,Romance,Movie,2012,179
CT02094,Sure How,Documentary,Series,2015,67
CT02095,Strong Into,Action,Series,2014,70
CT02096,My They,Comedy,Movie,2015,84
CT02097,Challenge Play,Sci-Fi,Movie,2024,134
CT02098,Magazine Police,Romance,Series,2012,30
CT02099,Prevent Clearly,Thriller,Movie,2024,175
CT02100,Along Idea,Animation,Movie,2017,137
CT02101,Player Mr,Thriller,Movie,2021,101
CT02102,Determine Hit,Action,Movie,2025,153
CT02103,Sport Very,Action,Movie,2024,140
CT02104,Enough Information,Action,Movie,2013,118
CT02105,Continue Good,Romance,Series,2025,24
CT02106,Fill Newspaper,Animation,Movie,2010,100
CT02107,Century Animal,Drama,Movie,2022,141
CT02108,Similar Approach,Comedy,Series,2018,69
CT02109,Sometimes Grow,Sci-Fi,Movie,2015,169
CT02110,Million Spring,Drama,Movie,2026,147
CT02111,Conference Quality,Drama,Movie,2022,99
CT02112,Environment Accept,Documentary,Movie,2017,103
CT02113,Of Receive,Animation,Series,2017,30
CT02114,Must Quality,Thriller,Movie,2011,104
CT02115,Cause Perform,Animation,Series,2011,38
CT02116,Sing Physical,Thriller,Movie,2021,103
CT02117,Model Plant,Comedy,Movie,2015,109
CT02118,Not Only,Drama,Movie,2017,101
CT02119,Must Or,Comedy,Movie,2017,98
CT02120,Right Television,Thriller,Movie,2025,168
CT02121,Tend North,Romance,Movie,2024,106
CT02122,For True,Documentary,Movie,2010,84
CT02123,Reason Science,Action,Movie,2023,154
CT02124,Imagine Four,Sci-Fi,Series,2012,60
CT02125,Industry Should,Action,Series,2022,49
CT02126,Most Account,Drama,Series,2015,60
CT02127,Concern Other,Action,Series,2017,23
CT02128,Wind Best,Action,Movie,2015,169
CT02129,Final Hope,Sci-Fi,Series,2021,25
CT02130,Operation Attorney,Romance,Movie,2025,170
CT02131,Congress Total,Action,Movie,2015,103
CT02132,Maybe Back,Animation,Series,2024,44
CT02133,Nature Sport,Comedy,Series,2023,55
CT02134,Team Raise,Documentary,Series,2020,68
CT02135,Debate Sport,Animation,Series,2023,28
CT02136,Statement Poor,Sci-Fi,Movie,2019,177
CT02137,Color Project,Sci-Fi,Series,2013,26
CT02138,Attack Memory,Drama,Series,2016,35
CT02139,Fly Him,Drama,Movie,2014,105
CT02140,Experience Different,Romance,Movie,2023,114
CT02141,Former Behavior,Comedy,Movie,2013,96
CT02142,Us Two,Comedy,Movie,2019,104
CT02143,Same Market,Drama,Series,2015,48
CT02144,Apply Resource,Documentary,Series,2015,36
CT02145,Century Raise,Drama,Movie,2012,170
CT02146,Material They,Comedy,Series,2024,34
CT02147,Order Single,Comedy,Movie,2010,179
CT02148,Away Popular,Action,Series,2025,46
CT02149,Senior Organization,Animation,Movie,2019,172
CT02150,Any Mr,Drama,Movie,2021,98
CT02151,Choose Expert,Romance,Movie,2017,176
CT02152,Notice Hotel,Comedy,Movie,2024,97
CT02153,Party Field,Animation,Series,2018,32
CT02154,Rich Sound,Romance,Movie,2021,155
CT02155,Democratic Suddenly,Animation,Series,2013,53
CT02156,Woman Ready,Drama,Movie,2026,103
CT02157,Kitchen Opportunity,Thriller,Series,2020,50
CT02158,Us Camera,Sci-Fi,Movie,2022,87
CT02159,Boy Yourself,Thriller,Movie,2019,82
CT02160,Such Seek,Thriller,Movie,2018,129
CT02161,Garden Board,Documentary,Movie,2010,134
CT02162,Care Human,Documentary,Series,2020,29
CT02163,Development Community,Sci-Fi,Movie,2024,158
CT02164,Strong Brother,Thriller,Movie,2024,115
CT02165,Statement Social,Documentary,Series,2016,32
CT02166,May Yeah,Romance,Series,2013,69
CT02167,Positive Kid,Documentary,Series,2016,56
CT02168,Father Actually,Thriller,Series,2012,50
CT02169,Sure Sit,Romance,Movie,2023,161
CT02170,Determine Difficult,Romance,Movie,2013,101
CT02171,Chair War,Romance,Series,2011,36
CT02172,Listen His,Thriller,Movie,2016,97
CT02173,Hear Business,Sci-Fi,Series,2015,31
CT02174,Should Glass,Thriller,Movie,2023,136
CT02175,Recently Series,Documentary,Movie,2010,153
CT02176,Time Born,Sci-Fi,Series,2011,32
CT02177,City Nature,Romance,Series,2013,38
CT02178,Appear Somebody,Documentary,Movie,2013,173
CT02179,Number Matter,Drama,Series,2023,47
CT02180,Improve Think,Sci-Fi,Series,2011,30
CT02181,From Response,Animation,Series,2011,62
CT02182,Low Skill,Drama,Movie,2011,159
CT02183,Soldier And,Action,Movie,2019,85
CT02184,Down Industry,Animation,Series,2019,50
CT02185,Option Describe,Comedy,Series,2021,41
CT02186,Start Within,Drama,Series,2026,29
CT02187,Water Improve,Thriller,Series,2016,30
CT02188,Black Card,Animation,Series,2017,48
CT02189,Technology Across,Action,Movie,2016,141
CT02190,Truth Within,Thriller,Movie,2026,123
CT02191,Sell And,Action,Movie,2013,147
CT02192,Half General,Action,Series,2025,52
CT02193,Body Method,Romance,Movie,2012,147
CT02194,Mother Magazine,Drama,Movie,2021,137
CT02195,Face National,Action,Movie,2011,95
CT02196,Act Rate,Action,Series,2010,38
CT02197,Defense Style,Action,Movie,2019,109
CT02198,Indeed Fly,Documentary,Series,2012,64
CT02199,Change Born,Drama,Movie,2020,130
CT02200,Population War,Sci-Fi,Movie,2026,123
CT02201,Adult Character,Animation,Series,2020,35
CT02202,Push Vote,Action,Series,2012,63
CT02203,Rather Operation,Thriller,Movie,2012,154
CT02204,Several Long,Romance,Movie,2016,105
CT02205,Total Thing,Sci-Fi,Series,2019,36
CT02206,Current Present,Animation,Movie,2010,139
CT02207,Only Common,Drama,Movie,2020,157
CT02208,Strong These,Romance,Movie,2020,140
CT02209,Meeting Edge,Action,Movie,2025,86
CT02210,Democratic Account,Comedy,Series,2015,32
CT02211,Person According,Action,Movie,2016,96
CT02212,Protect Fast,Thriller,Movie,2013,146
CT02213,Foreign Manager,Drama,Movie,2023,149
CT02214,Address Water,Drama,Movie,2015,117
CT02215,Within Issue,Thriller,Movie,2022,173
CT02216,Buy Single,Documentary,Movie,2018,86
CT02217,News Fast,Animation,Series,2015,37
CT02218,They Growth,Documentary,Movie,2019,177
CT02219,Gas Their,Comedy,Series,2011,38
CT02220,Certainly Some,Sci-Fi,Movie,2016,135
CT02221,Language Operation,Documentary,Series,2024,43
CT02222,Field Number,Documentary,Movie,2024,135
CT02223,Product Case,Romance,Movie,2018,123
CT02224,Value Fine,Comedy,Movie,2023,152
CT02225,Debate Century,Thriller,Series,2015,64
CT02226,Wait He,Action,Movie,2015,119
CT02227,Great Risk,Action,Movie,2020,149
CT02228,As Difficult,Drama,Movie,2013,161
CT02229,Special Entire,Action,Series,2022,35
CT02230,Series Per,Romance,Series,2014,44
CT02231,Soldier Actually,Romance,Movie,2015,175
CT02232,Dinner Assume,Documentary,Series,2026,50
CT02233,Together Very,Comedy,Series,2010,57
CT02234,Early Role,Romance,Movie,2015,96
CT02235,Bank Whom,Action,Movie,2024,87
CT02236,Modern Ahead,Romance,Movie,2021,149
CT02237,Attention Create,Action,Movie,2024,159
CT02238,Song Design,Action,Movie,2014,172
CT02239,Go Itself,Thriller,Movie,2024,117
CT02240,Old Fall,Comedy,Movie,2012,125
CT02241,Expert Such,Comedy,Movie,2011,131
CT02242,Section Say,Thriller,Movie,2025,93
CT02243,Half Him,Action,Series,2016,64
CT02244,Case Detail,Sci-Fi,Movie,2013,99
CT02245,Science Claim,Documentary,Movie,2013,170
CT02246,Reality Teacher,Drama,Movie,2014,95
CT02247,Matter Evening,Sci-Fi,Movie,2010,82
CT02248,Until Figure,Action,Series,2022,50
CT02249,My Program,Documentary,Series,2019,41
CT02250,Republican Simple,Thriller,Series,2019,50
CT02251,Oil Artist,Comedy,Movie,2020,153
CT02252,Record Traditional,Sci-Fi,Movie,2018,88
CT02253,What Mrs,Action,Movie,2010,160
CT02254,Character American,Documentary,Movie,2013,151
CT02255,Suggest Rich,Thriller,Movie,2015,149
CT02256,Point School,Documentary,Movie,2010,99
CT02257,Tax Establish,Comedy,Series,2018,47
CT02258,Serious Fire,Sci-Fi,Series,2012,47
CT02259,None Single,Animation,Series,2020,63
CT02260,Either Peace,Drama,Series,2024,27
CT02261,Success Short,Documentary,Movie,2015,140
CT02262,Ask Who,Animation,Movie,2010,87
CT02263,Upon Movement,Action,Series,2017,25
CT02264,Front Able,Action,Series,2024,60
CT02265,Know Weight,Romance,Series,2020,34
CT02266,Reach Able,Animation,Series,2014,69
CT02267,Recently Opportunity,Comedy,Series,2025,46
CT02268,Give Now,Sci-Fi,Movie,2026,110
CT02269,Item Think,Sci-Fi,Movie,2011,124
CT02270,Year Decide,Action,Series,2023,34
CT02271,Several Speech,Action,Series,2024,21
CT02272,Source Yourself,Documentary,Movie,2015,80
CT02273,Task Clearly,Romance,Movie,2026,113
CT02274,Memory Customer,Action,Movie,2017,162
CT02275,Program Charge,Thriller,Series,2026,47
CT02276,Step Occur,Documentary,Series,2026,42
CT02277,Ask Every,Sci-Fi,Series,2022,63
CT02278,Accept Article,Documentary,Series,2016,30
CT02279,Mother Any,Comedy,Movie,2021,100
CT02280,South Religious,Animation,Movie,2013,178
CT02281,Outside Age,Thriller,Movie,2011,157
CT02282,Scene Article,Documentary,Series,2015,48
CT02283,Assume Dream,Drama,Series,2023,53
CT02284,Response Visit,Documentary,Series,2026,31
CT02285,Yard Somebody,Documentary,Movie,2026,151
CT02286,Still Player,Thriller,Series,2011,21
CT02287,Other Practice,Romance,Series,2010,49
CT02288,They Sense,Sci-Fi,Movie,2013,120
CT02289,Although Lay,Drama,Movie,2019,109
CT02290,Follow Another,Drama,Movie,2013,125
CT02291,House Win,Action,Series,2013,69
CT02292,Politics Product,Action,Movie,2012,165
CT02293,Address Inside,Thriller,Movie,2018,156
CT02294,People Argue,Comedy,Series,2011,37
CT02295,Pay Radio,Documentary,Series,2018,52
CT02296,Its Television,Animation,Movie,2017,101
CT02297,Lose Along,Comedy,Movie,2019,143
CT02298,Stay White,Sci-Fi,Movie,2012,89
CT02299,Well Several,Animation,Movie,2025,177
CT02300,Scene Form,Sci-Fi,Movie,2019,179
CT02301,Around Television,Animation,Movie,2016,162
CT02302,Clearly General,Thriller,Series,2014,44
CT02303,Media Significant,Comedy,Movie,2015,151
CT02304,Right Foot,Romance,Movie,2017,96
CT02305,Example Already,Animation,Movie,2010,88
CT02306,Wind Late,Romance,Movie,2016,109
CT02307,Skin Build,Drama,Series,2018,34
CT02308,Deep Likely,Comedy,Series,2012,55
CT02309,Subject Really,Documentary,Movie,2023,125
CT02310,Every Major,Thriller,Movie,2025,92
CT02311,Agree We,Documentary,Movie,2019,128
CT02312,Fight Couple,Drama,Movie,2017,135
CT02313,Crime Increase,Drama,Movie,2025,105
CT02314,Might Term,Drama,Series,2016,70
CT02315,Building Goal,Drama,Movie,2017,94
CT02316,Eight Save,Romance,Series,2013,52
CT02317,Finish Store,Drama,Movie,2023,113
CT02318,Large Trial,Drama,Movie,2012,153
CT02319,Boy International,Thriller,Movie,2017,151
CT02320,Black Law,Comedy,Series,2011,34
CT02321,Candidate Radio,Thriller,Series,2025,38
CT02322,Her Base,Documentary,Series,2011,27
CT02323,Media On,Animation,Movie,2016,104
CT02324,Nothing Light,Comedy,Movie,2013,118
CT02325,Little Staff,Drama,Movie,2019,127
CT02326,Change Cell,Thriller,Movie,2017,141
CT02327,Real School,Action,Movie,2025,86
CT02328,Artist Effort,Romance,Movie,2021,151
CT02329,Seem Wear,Action,Movie,2017,93
CT02330,Another Outside,Sci-Fi,Series,2015,51
CT02331,Effort Summer,Romance,Movie,2018,140
CT02332,Lead Her,Animation,Movie,2021,120
CT02333,Section Pass,Animation,Series,2022,63
CT02334,Race Audience,Animation,Movie,2026,168
CT02335,Democrat Population,Romance,Series,2014,33
CT02336,Thought Give,Comedy,Series,2026,38
CT02337,Expect Environmental,Drama,Movie,2023,106
CT02338,Reflect Mouth,Sci-Fi,Series,2013,34
CT02339,Threat Moment,Documentary,Movie,2020,140
CT02340,During Take,Thriller,Series,2023,38
CT02341,Notice Road,Thriller,Movie,2017,140
CT02342,Improve Property,Drama,Movie,2026,179
CT02343,Car Send,Documentary,Movie,2014,159
CT02344,Ball Never,Action,Series,2013,62
CT02345,Sure Energy,Sci-Fi,Series,2016,61
CT02346,Mrs Hold,Comedy,Movie,2021,172
CT02347,Decade Effort,Comedy,Series,2011,57
CT02348,Pick Scientist,Romance,Movie,2014,175
CT02349,Store Set,Action,Movie,2022,115
CT02350,Later Produce,Sci-Fi,Series,2012,68
CT02351,What With,Sci-Fi,Movie,2021,120
CT02352,New Sister,Sci-Fi,Movie,2026,126
CT02353,Former Everyone,Action,Movie,2018,179
CT02354,Special Upon,Sci-Fi,Movie,2023,108
CT02355,Reason Example,Action,Movie,2017,83
CT02356,Rich Important,Action,Movie,2021,154
CT02357,Just Measure,Romance,Movie,2021,127
CT02358,Yard Air,Documentary,Movie,2018,98
CT02359,Rock Ok,Documentary,Movie,2026,160
CT02360,Never Machine,Thriller,Movie,2020,140
CT02361,Knowledge Its,Documentary,Movie,2025,133
CT02362,Many Catch,Action,Movie,2023,93
CT02363,Look Away,Thriller,Series,2010,63
CT02364,Item Herself,Romance,Movie,2021,110
CT02365,Position Care,Animation,Series,2010,55
CT02366,Thought Thank,Comedy,Movie,2013,80
CT02367,Wide Area,Romance,Movie,2010,87
CT02368,Because Blue,Animation,Series,2014,65
CT02369,Deal Knowledge,Animation,Movie,2020,127
CT02370,Ten Use,Animation,Series,2020,46
CT02371,Station Stuff,Drama,Movie,2014,110
CT02372,More Method,Drama,Movie,2010,113
CT02373,Safe Four,Animation,Movie,2010,137
CT02374,South Movement,Animation,Movie,2023,115
CT02375,Name Call,Animation,Movie,2014,168
CT02376,Audience Large,Drama,Series,2026,70
CT02377,Indeed Believe,Documentary,Series,2013,64
CT02378,Several Picture,Animation,Series,2010,35
CT02379,Memory Soon,Thriller,Movie,2025,148
CT02380,Say Team,Drama,Movie,2025,99
CT02381,Arrive Would,Documentary,Series,2015,55
CT02382,Image Factor,Action,Series,2017,66
CT02383,He Score,Comedy,Movie,2021,144
CT02384,Onto Talk,Thriller,Movie,2016,97
CT02385,Theory How,Documentary,Movie,2016,122
CT02386,Identify Guess,Documentary,Series,2018,56
CT02387,Hair Woman,Drama,Movie,2014,157
CT02388,Structure Popular,Drama,Movie,2012,140
CT02389,Ask Think,Romance,Series,2022,54
CT02390,Look Care,Action,Movie,2010,126
CT02391,Almost Though,Comedy,Series,2013,39
CT02392,Special Water,Action,Series,2019,42
CT02393,Protect Affect,Animation,Movie,2025,124
CT02394,Center Few,Action,Movie,2024,120
CT02395,Treat Necessary,Documentary,Movie,2023,82
CT02396,Management Case,Drama,Movie,2022,119
CT02397,Sure Almost,Drama,Movie,2014,93
CT02398,Less Teach,Action,Movie,2010,178
CT02399,Peace Trip,Drama,Movie,2024,120
CT02400,Billion Member,Thriller,Movie,2020,150
CT02401,Effect Well,Thriller,Series,2016,68
CT02402,Account Story,Action,Movie,2014,142
CT02403,Security Executive,Drama,Movie,2015,162
CT02404,Rich But,Thriller,Series,2018,58
CT02405,Go Court,Documentary,Movie,2016,83
CT02406,Ever Shake,Romance,Movie,2020,180
CT02407,Join He,Action,Series,2024,37
CT02408,Personal Quickly,Romance,Movie,2022,144
CT02409,Far Poor,Comedy,Series,2017,23
CT02410,Rate Girl,Action,Movie,2015,128
CT02411,Dark Democrat,Animation,Movie,2026,85
CT02412,Source Movie,Comedy,Movie,2012,179
CT02413,Finish Attack,Comedy,Movie,2014,131
CT02414,Today Five,Animation,Series,2012,49
CT02415,Director Lose,Drama,Movie,2022,164
CT02416,Together Whole,Documentary,Movie,2024,156
CT02417,Toward Fund,Romance,Series,2012,66
CT02418,Ok Early,Comedy,Movie,2018,102
CT02419,Something Third,Romance,Movie,2025,115
CT02420,Report Would,Comedy,Movie,2025,170
CT02421,Writer Hot,Romance,Movie,2011,113
CT02422,Personal Family,Sci-Fi,Series,2015,58
CT02423,Use Environment,Drama,Movie,2024,168
CT02424,Show Cold,Comedy,Series,2020,34
CT02425,Gun Prevent,Sci-Fi,Series,2020,59
CT02426,Total According,Sci-Fi,Series,2017,28
CT02427,Impact Treatment,Animation,Movie,2025,104
CT02428,Represent Quite,Thriller,Series,2017,25
CT02429,Method Society,Comedy,Series,2014,55
CT02430,Over Also,Documentary,Series,2010,28
CT02431,Rich Form,Comedy,Movie,2025,80
CT02432,Foot Dark,Comedy,Movie,2023,122
CT02433,Small Bit,Action,Movie,2023,156
CT02434,Prevent Option,Documentary,Series,2017,23
CT02435,Shoulder Science,Sci-Fi,Movie,2016,118
CT02436,Forward Argue,Comedy,Movie,2020,130
CT02437,Resource Too,Thriller,Movie,2016,149
CT02438,Technology Lay,Thriller,Movie,2013,173
CT02439,Civil Card,Animation,Movie,2021,117
CT02440,Create He,Thriller,Movie,2026,85
CT02441,White When,Action,Series,2014,70
CT02442,Mrs Natural,Thriller,Series,2022,52
CT02443,Real Clear,Action,Movie,2011,168
CT02444,Purpose Agent,Animation,Series,2018,56
CT02445,Through Suffer,Thriller,Movie,2024,117
CT02446,Fine Less,Documentary,Movie,2015,80
CT02447,Notice Coach,Action,Movie,2016,159
CT02448,Speak Opportunity,Action,Series,2020,36
CT02449,Find Practice,Documentary,Series,2023,32
CT02450,How Design,Comedy,Series,2026,36
CT02451,Tv Affect,Thriller,Movie,2019,143
CT02452,Guess Apply,Comedy,Movie,2017,114
CT02453,Interview Bad,Romance,Series,2018,51
CT02454,Wide Popular,Thriller,Series,2026,59
CT02455,Book Again,Animation,Series,2025,69
CT02456,Test Former,Documentary,Movie,2017,174
CT02457,Operation Them,Action,Movie,2015,142
CT02458,Answer Whether,Romance,Movie,2013,152
CT02459,Opportunity Responsibility,Animation,Movie,2012,142
CT02460,Let Their,Sci-Fi,Series,2018,53
CT02461,Consider Wear,Thriller,Movie,2014,99
CT02462,Relate Technology,Thriller,Series,2015,46
CT02463,Hot Through,Animation,Series,2014,52
CT02464,Among Himself,Documentary,Series,2016,47
CT02465,Policy Size,Action,Series,2012,29
CT02466,Agree Truth,Action,Series,2020,38
CT02467,Imagine Bring,Romance,Movie,2010,121
CT02468,Radio Federal,Documentary,Movie,2024,146
CT02469,Institution Name,Drama,Movie,2020,104
CT02470,Religious Agree,Documentary,Movie,2021,89
CT02471,Lose Side,Animation,Movie,2026,167
CT02472,Pick Friend,Sci-Fi,Movie,2021,117
CT02473,American Eye,Sci-Fi,Movie,2023,84
CT02474,Watch Down,Comedy,Movie,2021,153
CT02475,Situation Subject,Animation,Series,2026,27
CT02476,Behavior Tonight,Sci-Fi,Movie,2017,167
CT02477,Dream Play,Comedy,Series,2025,60
CT02478,Store Half,Thriller,Series,2012,48
CT02479,Prevent Ask,Drama,Series,2017,27
CT02480,Color Still,Documentary,Series,2023,37
CT02481,Energy Special,Sci-Fi,Movie,2023,141
CT02482,Add Participant,Sci-Fi,Movie,2021,102
CT02483,Every Suffer,Comedy,Movie,2025,136
CT02484,Third Notice,Drama,Movie,2011,84
CT02485,When Art,Romance,Movie,2011,110
CT02486,Edge Artist,Comedy,Series,2018,69
CT02487,Grow Student,Thriller,Movie,2021,159
CT02488,Outside Court,Comedy,Movie,2022,105
CT02489,Audience Station,Thriller,Series,2023,57
CT02490,Clear Air,Romance,Movie,2010,126
CT02491,Season Per,Comedy,Series,2023,37
CT02492,Enough Stand,Comedy,Movie,2013,160
CT02493,Republican Past,Documentary,Movie,2017,155
CT02494,Any Important,Thriller,Movie,2023,173
CT02495,Beyond Offer,Animation,Series,2018,55
CT02496,Nothing Save,Sci-Fi,Series,2012,61
CT02497,Speech Unit,Comedy,Series,2017,35
CT02498,Or Attention,Animation,Movie,2019,121
CT02499,Lose Clearly,Action,Movie,2026,105
CT02500,Fear Force,Animation,Movie,2018,109
CT02501,Start Again,Comedy,Series,2015,46
CT02502,Mr Free,Action,Series,2023,28
CT02503,Appear Result,Romance,Movie,2023,99
CT02504,Wrong Television,Action,Movie,2019,159
CT02505,Somebody Simple,Action,Series,2010,47
CT02506,Already Create,Drama,Movie,2022,142
CT02507,Four Already,Romance,Movie,2025,139
CT02508,Agent Scene,Comedy,Series,2018,40
CT02509,Church Fall,Drama,Movie,2024,86
CT02510,Together Owner,Action,Series,2015,47
CT02511,Even Ten,Drama,Movie,2012,105
CT02512,Environment Daughter,Action,Series,2026,66
CT02513,Source Plant,Thriller,Movie,2010,173
CT02514,State Everything,Animation,Movie,2019,141
CT02515,Employee Hospital,Sci-Fi,Movie,2024,163
CT02516,May Side,Comedy,Movie,2012,168
CT02517,Nothing Should,Action,Movie,2022,158
CT02518,Way Leader,Romance,Movie,2024,107
CT02519,Back Walk,Action,Series,2022,68
CT02520,Early Someone,Animation,Movie,2019,102
CT02521,Large Accept,Action,Movie,2022,170
CT02522,Police List,Action,Movie,2020,162
CT02523,Simple Few,Thriller,Movie,2025,123
CT02524,Development Push,Animation,Series,2022,43
CT02525,Imagine Toward,Romance,Series,2010,36
CT02526,Head Factor,Documentary,Series,2015,56
CT02527,International More,Thriller,Movie,2013,85
CT02528,Consider Dog,Sci-Fi,Movie,2018,112
CT02529,Collection Candidate,Thriller,Series,2010,27
CT02530,Most Mouth,Drama,Movie,2017,171
CT02531,Form Opportunity,Sci-Fi,Series,2019,67
CT02532,Tax Go,Documentary,Movie,2023,149
CT02533,Cold Call,Sci-Fi,Movie,2012,119
CT02534,Maybe Different,Comedy,Movie,2011,126
CT02535,Red Service,Thriller,Movie,2023,144
CT02536,More Ball,Romance,Series,2026,67
CT02537,Talk Require,Action,Movie,2025,172
CT02538,Cold Operation,Documentary,Series,2020,45
CT02539,Day Design,Thriller,Movie,2021,100
CT02540,Authority Child,Action,Series,2022,32
CT02541,Late Once,Comedy,Series,2023,56
CT02542,Off Use,Sci-Fi,Movie,2023,89
CT02543,Treat True,Drama,Series,2013,32
CT02544,Star Civil,Action,Series,2024,59
CT02545,Spring Early,Drama,Movie,2017,129
CT02546,Court North,Sci-Fi,Movie,2022,143
CT02547,Design In,Sci-Fi,Series,2010,48
CT02548,Into Good,Comedy,Series,2019,39
CT02549,Lay Talk,Animation,Movie,2014,111
CT02550,Set Society,Romance,Movie,2024,112
CT02551,Most Vote,Comedy,Series,2014,63
CT02552,West Hot,Action,Movie,2013,160
CT02553,Education Add,Thriller,Series,2023,26
CT02554,Call Suffer,Animation,Movie,2016,163
CT02555,Congress Personal,Animation,Movie,2020,114
CT02556,Tell Weight,Action,Series,2019,44
CT02557,Pay Although,Drama,Movie,2015,136
CT02558,Want Kid,Comedy,Series,2013,24
CT02559,Which Rock,Thriller,Movie,2010,143
CT02560,Wife System,Comedy,Movie,2017,163
CT02561,Loss Others,Romance,Movie,2022,81
CT02562,Rule Claim,Comedy,Movie,2024,88
CT02563,Like Remember,Thriller,Series,2024,47
CT02564,Beyond Hair,Sci-Fi,Movie,2011,118
CT02565,Yes Author,Animation,Movie,2021,121
CT02566,Help Suddenly,Sci-Fi,Series,2013,30
CT02567,With Care,Romance,Movie,2018,175
CT02568,Need Evidence,Drama,Movie,2020,141
CT02569,Wear Area,Action,Movie,2026,106
CT02570,Feel Factor,Romance,Movie,2018,124
CT02571,Participant Her,Thriller,Movie,2014,98
CT02572,Character Sign,Action,Movie,2017,160
CT02573,Others Us,Documentary,Movie,2016,176
CT02574,Lot Professional,Documentary,Movie,2011,157
CT02575,Toward Give,Sci-Fi,Series,2019,20
CT02576,Investment Fish,Animation,Series,2014,24
CT02577,Anything Audience,Drama,Series,2010,34
CT02578,Face Class,Documentary,Movie,2016,106
CT02579,Factor Five,Sci-Fi,Movie,2020,117
CT02580,Inside Top,Romance,Series,2024,65
CT02581,Citizen Financial,Action,Series,2023,67
CT02582,Machine Make,Action,Series,2010,34
CT02583,Everything Less,Documentary,Series,2026,66
CT02584,Sort Enough,Drama,Movie,2021,129
CT02585,Loss Letter,Animation,Series,2025,57
CT02586,Item Send,Animation,Movie,2019,118
CT02587,Executive Want,Animation,Movie,2026,129
CT02588,Degree Soon,Drama,Movie,2016,116
CT02589,For Player,Drama,Series,2021,42
CT02590,Not Address,Thriller,Movie,2022,152
CT02591,Executive Cup,Thriller,Series,2012,38
CT02592,Someone Talk,Comedy,Series,2025,36
CT02593,Party Guy,Documentary,Series,2018,43
CT02594,Expect Protect,Animation,Series,2019,23
CT02595,Reflect Ability,Sci-Fi,Series,2019,20
CT02596,Participant Go,Romance,Movie,2017,118
CT02597,Image Purpose,Drama,Movie,2014,83
CT02598,Article Language,Romance,Series,2016,26
CT02599,White State,Drama,Movie,2014,137
CT02600,Explain From,Documentary,Movie,2019,137
CT02601,Middle Few,Thriller,Movie,2017,168
CT02602,After Fall,Animation,Series,2010,46
CT02603,Suggest Perhaps,Action,Movie,2014,138
CT02604,Owner Our,Thriller,Movie,2017,127
CT02605,Land Stuff,Sci-Fi,Series,2024,28
CT02606,Inside Not,Thriller,Series,2018,22
CT02607,Know Letter,Romance,Series,2010,20
CT02608,Congress Such,Thriller,Movie,2018,109
CT02609,Business Understand,Comedy,Series,2011,39
CT02610,Break Necessary,Comedy,Movie,2017,153
CT02611,Mention As,Documentary,Movie,2022,157
CT02612,Could Future,Thriller,Series,2012,66
CT02613,Former Sure,Thriller,Movie,2024,113
CT02614,Spend Company,Comedy,Series,2024,63
CT02615,Goal Everybody,Action,Series,2017,24
CT02616,Toward Reveal,Sci-Fi,Movie,2016,179
CT02617,Fast Fear,Action,Series,2022,27
CT02618,Wish Network,Thriller,Movie,2011,120
CT02619,Smile Enter,Sci-Fi,Movie,2015,96
CT02620,Entire Walk,Animation,Series,2026,58
CT02621,Policy Reason,Action,Series,2020,56
CT02622,Collection Inside,Action,Movie,2020,100
CT02623,Prove Child,Documentary,Movie,2013,131
CT02624,Forget Either,Drama,Series,2023,38
CT02625,Every Eight,Drama,Movie,2010,119
CT02626,Foot Choice,Drama,Movie,2019,86
CT02627,Letter Later,Action,Movie,2016,151
CT02628,Listen Person,Sci-Fi,Movie,2021,160
CT02629,Step Or,Comedy,Movie,2015,112
CT02630,Central Election,Animation,Movie,2014,92
CT02631,Mention Whom,Documentary,Series,2023,21
CT02632,School Or,Documentary,Movie,2019,172
CT02633,Section Soldier,Animation,Movie,2016,149
CT02634,Have On,Thriller,Series,2012,44
CT02635,Agree Beat,Sci-Fi,Movie,2022,140
CT02636,Main Interesting,Drama,Movie,2010,99
CT02637,Bank Life,Drama,Movie,2011,116
CT02638,Race Simple,Action,Movie,2013,83
CT02639,Size Performance,Romance,Series,2025,62
CT02640,Million Opportunity,Drama,Series,2015,33
CT02641,Energy System,Drama,Movie,2024,82
CT02642,Fast White,Documentary,Movie,2021,122
CT02643,Ball Condition,Documentary,Series,2022,64
CT02644,Know Cup,Thriller,Movie,2018,164
CT02645,Everybody Quite,Drama,Movie,2017,163
CT02646,Light Under,Action,Movie,2013,112
CT02647,Car Lay,Documentary,Series,2018,47
CT02648,Song Personal,Drama,Movie,2014,126
CT02649,War Computer,Documentary,Movie,2010,150
CT02650,Age Church,Romance,Series,2012,62
CT02651,Up While,Thriller,Movie,2020,143
CT02652,Rule Outside,Comedy,Series,2019,53
CT02653,Loss Run,Comedy,Movie,2023,136
CT02654,Receive Whatever,Drama,Movie,2025,180
CT02655,Chance Media,Thriller,Series,2013,38
CT02656,Citizen Realize,Drama,Movie,2021,162
CT02657,Hit Finish,Thriller,Series,2011,66
CT02658,Customer According,Animation,Movie,2011,136
CT02659,Perhaps Pm,Comedy,Movie,2018,135
CT02660,Scene Main,Action,Series,2012,52
CT02661,Nothing Stand,Drama,Series,2010,40
CT02662,Spring Nature,Action,Series,2020,25
CT02663,Manager Piece,Romance,Series,2019,56
CT02664,Us Organization,Thriller,Series,2011,35
CT02665,Relate Sell,Documentary,Movie,2023,172
CT02666,Current Order,Romance,Movie,2025,98
CT02667,Drug Best,Thriller,Movie,2016,155
CT02668,Rest Fine,Action,Movie,2014,150
CT02669,Matter Even,Drama,Movie,2015,135
CT02670,Score Group,Action,Series,2014,32
CT02671,Data Responsibility,Thriller,Movie,2024,103
CT02672,Value Must,Comedy,Movie,2026,138
CT02673,Deep Tough,Thriller,Series,2015,33
CT02674,Green Owner,Thriller,Movie,2012,89
CT02675,Idea Fast,Comedy,Movie,2017,94
CT02676,Trial By,Drama,Series,2018,60
CT02677,Before Term,Documentary,Series,2018,30
CT02678,Sense Create,Thriller,Movie,2019,157
CT02679,Way Center,Drama,Series,2016,55
CT02680,Program Wear,Sci-Fi,Movie,2018,100
CT02681,Situation Dream,Action,Movie,2025,162
CT02682,Will Popular,Animation,Series,2025,56
CT02683,Land Defense,Documentary,Movie,2011,176
CT02684,Some Stop,Documentary,Movie,2010,150
CT02685,Now Woman,Comedy,Series,2011,53
CT02686,Local Level,Thriller,Movie,2011,110
CT02687,Management Beautiful,Thriller,Series,2016,52
CT02688,Skin Ago,Thriller,Movie,2019,80
CT02689,Record Student,Romance,Series,2016,68
CT02690,Measure Political,Sci-Fi,Series,2016,64
CT02691,West Piece,Sci-Fi,Movie,2024,115
CT02692,Somebody Rich,Animation,Movie,2013,94
CT02693,Establish Rest,Comedy,Movie,2024,132
CT02694,I Maybe,Comedy,Series,2017,58
CT02695,Center Good,Animation,Series,2017,59
CT02696,Sport Of,Sci-Fi,Series,2022,33
CT02697,Experience Measure,Action,Movie,2022,138
CT02698,Something Impact,Drama,Movie,2020,132
CT02699,During Rule,Documentary,Movie,2024,175
CT02700,Degree Lawyer,Thriller,Movie,2024,158
CT02701,Line Wear,Action,Movie,2010,136
CT02702,Red Control,Documentary,Movie,2026,80
CT02703,According Tough,Thriller,Series,2020,52
CT02704,Strategy Design,Drama,Movie,2014,135
CT02705,Evening Store,Thriller,Series,2025,34
CT02706,Information Show,Sci-Fi,Series,2023,30
CT02707,Minute Color,Animation,Series,2019,56
CT02708,Blue Mission,Action,Movie,2020,125
CT02709,Guy Fast,Comedy,Movie,2013,130
CT02710,Middle Spring,Romance,Movie,2018,174
CT02711,Where Either,Thriller,Movie,2021,143
CT02712,Maintain Cover,Romance,Movie,2012,122
CT02713,Manager Democrat,Sci-Fi,Movie,2013,151
CT02714,Describe Station,Thriller,Movie,2019,114
CT02715,Writer Her,Animation,Series,2012,57
CT02716,Wish Fund,Documentary,Series,2026,34
CT02717,Group By,Drama,Series,2010,27
CT02718,Realize Well,Romance,Movie,2021,154
CT02719,Trade My,Action,Movie,2012,142
CT02720,Consider Wide,Action,Movie,2014,170
CT02721,Commercial News,Comedy,Movie,2020,116
CT02722,War Drop,Sci-Fi,Movie,2016,111
CT02723,Economic Put,Documentary,Movie,2022,129
CT02724,Matter Either,Documentary,Movie,2020,99
CT02725,Strategy Pattern,Romance,Movie,2016,143
CT02726,Line First,Documentary,Series,2020,70
CT02727,Training Word,Thriller,Movie,2024,92
CT02728,Out Pick,Animation,Series,2014,36
CT02729,Close Rock,Thriller,Movie,2017,95
CT02730,Feel Receive,Drama,Series,2022,60
CT02731,Hair Will,Action,Movie,2022,160
CT02732,Worry Spring,Drama,Series,2019,51
CT02733,Them Make,Thriller,Series,2010,31
CT02734,Marriage Necessary,Thriller,Series,2011,29
CT02735,Owner Need,Documentary,Series,2016,29
CT02736,Look Set,Thriller,Series,2022,55
CT02737,Tough Wear,Comedy,Movie,2014,110
CT02738,Federal Difference,Drama,Movie,2022,82
CT02739,Our Ground,Animation,Series,2021,39
CT02740,Director Fly,Documentary,Series,2026,52
CT02741,Foot Direction,Animation,Movie,2012,133
CT02742,Thus Attention,Romance,Series,2012,49
CT02743,Near Particular,Thriller,Movie,2015,178
CT02744,Indicate Employee,Romance,Series,2022,53
CT02745,This Skin,Comedy,Movie,2016,98
CT02746,Exist Energy,Romance,Movie,2015,147
CT02747,Recent Nothing,Animation,Movie,2022,144
CT02748,Open Safe,Documentary,Series,2022,41
CT02749,Model Realize,Animation,Movie,2026,106
CT02750,Energy Student,Thriller,Movie,2026,141
CT02751,Hope Exactly,Romance,Series,2013,60
CT02752,Should Into,Sci-Fi,Series,2017,55
CT02753,Measure Nation,Sci-Fi,Movie,2024,111
CT02754,Claim Eat,Sci-Fi,Movie,2018,147
CT02755,Turn Former,Romance,Series,2017,60
CT02756,Lead Water,Drama,Movie,2022,176
CT02757,Appear Former,Animation,Series,2020,26
CT02758,Religious Term,Sci-Fi,Movie,2010,179
CT02759,Into Happen,Sci-Fi,Series,2026,70
CT02760,Allow Open,Comedy,Series,2014,39
CT02761,Wish Well,Animation,Movie,2021,154
CT02762,If Often,Documentary,Movie,2011,168
CT02763,Four Service,Thriller,Series,2026,45
CT02764,Defense Television,Thriller,Series,2017,31
CT02765,Especially New,Thriller,Movie,2022,110
CT02766,Provide Indicate,Action,Movie,2023,160
CT02767,Finally Management,Animation,Movie,2020,117
CT02768,Person Whole,Sci-Fi,Movie,2017,161
CT02769,Candidate Sing,Action,Movie,2022,81
CT02770,Music Check,Romance,Movie,2011,163
CT02771,More Although,Drama,Movie,2010,175
CT02772,Majority Nation,Thriller,Series,2011,68
CT02773,A Address,Thriller,Series,2020,30
CT02774,Plant Single,Documentary,Movie,2010,89
CT02775,Center After,Drama,Movie,2011,128
CT02776,Feeling But,Drama,Series,2017,36
CT02777,Fill Window,Sci-Fi,Movie,2014,170
CT02778,Republican Another,Sci-Fi,Movie,2022,133
CT02779,Guess Fear,Comedy,Movie,2021,180
CT02780,Add Yes,Action,Series,2011,47
CT02781,Responsibility Industry,Animation,Series,2017,61
CT02782,Amount Local,Sci-Fi,Series,2026,48
CT02783,Game Space,Sci-Fi,Series,2018,26
CT02784,Hotel Investment,Documentary,Movie,2015,158
CT02785,Share Leave,Animation,Movie,2022,111
CT02786,Cause Drug,Sci-Fi,Series,2025,37
CT02787,Main Blood,Drama,Movie,2012,164
CT02788,Personal Let,Comedy,Series,2019,29
CT02789,Vote Window,Sci-Fi,Series,2014,58
CT02790,Ok Everyone,Thriller,Movie,2020,148
CT02791,Low Meeting,Animation,Movie,2021,133
CT02792,Any Because,Romance,Series,2024,28
CT02793,Easy Maybe,Sci-Fi,Movie,2020,118
CT02794,Produce Small,Drama,Movie,2022,148
CT02795,Despite Lead,Drama,Movie,2025,96
CT02796,Now Sing,Animation,Movie,2024,159
CT02797,Real Position,Action,Movie,2021,166
CT02798,Kitchen Would,Drama,Movie,2014,103
CT02799,Executive Exactly,Animation,Movie,2023,103
CT02800,Building Similar,Action,Series,2010,56
CT02801,Try Bill,Sci-Fi,Movie,2025,112
CT02802,Run Run,Comedy,Series,2021,34
CT02803,Amount Figure,Action,Movie,2022,96
CT02804,Keep Put,Animation,Movie,2022,100
CT02805,Watch Require,Sci-Fi,Series,2021,64
CT02806,Range Lot,Documentary,Series,2011,49
CT02807,Gun Door,Drama,Movie,2013,177
CT02808,Vote Truth,Action,Series,2018,26
CT02809,Whatever Guess,Documentary,Movie,2016,89
CT02810,Official Religious,Action,Series,2018,40
CT02811,Be Throughout,Drama,Movie,2021,96
CT02812,Within Consider,Animation,Movie,2011,106
CT02813,Drug Economic,Documentary,Movie,2015,172
CT02814,Scene Bad,Documentary,Series,2026,42
CT02815,Huge Skill,Thriller,Movie,2025,172
CT02816,Happen Finally,Sci-Fi,Movie,2015,142
CT02817,Especially Stage,Drama,Movie,2015,146
CT02818,Physical Campaign,Documentary,Movie,2016,89
CT02819,This As,Sci-Fi,Movie,2024,116
CT02820,Upon Close,Thriller,Series,2023,55
CT02821,Work Religious,Romance,Series,2025,27
CT02822,Space Analysis,Comedy,Movie,2026,150
CT02823,Your Idea,Drama,Movie,2010,87
CT02824,Half Must,Drama,Series,2016,31
CT02825,Language Particularly,Comedy,Movie,2024,84
CT02826,List Onto,Romance,Series,2016,43
CT02827,Leader Success,Romance,Series,2024,64
CT02828,News Their,Animation,Series,2021,38
CT02829,Simply Like,Drama,Movie,2017,178
CT02830,Your Popular,Documentary,Series,2011,20
CT02831,True Law,Romance,Series,2013,41
CT02832,Single War,Animation,Movie,2013,145
CT02833,Authority Nothing,Sci-Fi,Movie,2012,96
CT02834,Hard Both,Comedy,Movie,2015,143
CT02835,Decade Book,Romance,Series,2011,63
CT02836,Thank Method,Drama,Series,2021,59
CT02837,Degree Happy,Documentary,Series,2017,59
CT02838,Should Big,Thriller,Movie,2024,88
CT02839,Music Can,Comedy,Series,2021,37
CT02840,Court Choose,Sci-Fi,Movie,2010,81
CT02841,Next Him,Drama,Series,2011,36
CT02842,Like Tv,Documentary,Series,2017,27
CT02843,Water Answer,Drama,Movie,2026,173
CT02844,Pass Your,Drama,Series,2024,55
CT02845,Star Nearly,Thriller,Movie,2020,167
CT02846,Past Manage,Thriller,Series,2017,46
CT02847,Woman Thing,Drama,Movie,2019,168
CT02848,Land Serve,Drama,Series,2019,57
CT02849,Appear Skill,Romance,Movie,2023,87
CT02850,Beautiful Data,Sci-Fi,Series,2024,42
CT02851,Today Mind,Comedy,Series,2015,45
CT02852,Look First,Drama,Movie,2016,110
CT02853,Check Live,Documentary,Movie,2014,144
CT02854,Describe Special,Action,Series,2020,21
CT02855,Nice This,Thriller,Movie,2012,117
CT02856,Leave Life,Documentary,Movie,2012,83
CT02857,Feeling Exist,Drama,Movie,2016,82
CT02858,Matter Yard,Sci-Fi,Movie,2025,119
CT02859,Able Enter,Romance,Series,2011,43
CT02860,Book Southern,Thriller,Movie,2012,126
CT02861,Debate Clear,Comedy,Movie,2024,103
CT02862,Mention Indeed,Action,Movie,2019,127
CT02863,Sister Their,Thriller,Movie,2010,99
CT02864,Speak Land,Sci-Fi,Movie,2021,132
CT02865,Discuss Accept,Sci-Fi,Movie,2012,120
CT02866,Apply Step,Romance,Movie,2010,115
CT02867,She Short,Drama,Movie,2026,129
CT02868,Second Court,Documentary,Movie,2015,87
CT02869,Mrs Allow,Romance,Movie,2014,131
CT02870,Attack Its,Animation,Movie,2012,142
CT02871,Lead Institution,Comedy,Movie,2024,157
CT02872,Goal Early,Action,Movie,2025,102
CT02873,Cut First,Thriller,Movie,2010,132
CT02874,Against Pretty,Documentary,Series,2016,52
CT02875,Whose Create,Documentary,Series,2013,55
CT02876,Join Can,Documentary,Series,2023,52
CT02877,Treat The,Sci-Fi,Movie,2014,109
CT02878,Term Across,Sci-Fi,Movie,2022,111
CT02879,Husband Many,Action,Movie,2015,117
CT02880,Hospital Thank,Action,Movie,2019,169
CT02881,Amount Step,Thriller,Movie,2024,127
CT02882,Dream Fire,Drama,Series,2015,53
CT02883,Free Admit,Sci-Fi,Series,2016,20
CT02884,Rich Yard,Comedy,Movie,2014,153
CT02885,Thousand Against,Animation,Movie,2013,135
CT02886,Loss The,Thriller,Movie,2014,171
CT02887,Art Speak,Sci-Fi,Series,2019,59
CT02888,Tv When,Drama,Series,2018,46
CT02889,Family Bank,Comedy,Movie,2010,110
CT02890,Energy Once,Drama,Movie,2015,80
CT02891,Member Time,Sci-Fi,Series,2013,56
CT02892,Major Cost,Animation,Movie,2024,120
CT02893,Mean Course,Comedy,Movie,2018,175
CT02894,Want Let,Romance,Movie,2023,131
CT02895,Land Him,Animation,Series,2026,50
CT02896,Company Certain,Comedy,Movie,2018,126
CT02897,Street Car,Comedy,Movie,2018,121
CT02898,Require Great,Drama,Series,2010,23
CT02899,Own Marriage,Thriller,Movie,2020,163
CT02900,Direction Decide,Comedy,Movie,2010,105
CT02901,Design Scientist,Drama,Movie,2010,136
CT02902,Call For,Action,Movie,2012,131
CT02903,Real Long,Thriller,Series,2022,62
CT02904,Science Range,Action,Movie,2023,118
CT02905,Public Work,Romance,Series,2026,67
CT02906,Second Loss,Animation,Series,2017,51
CT02907,Big Law,Sci-Fi,Series,2021,52
CT02908,Newspaper My,Animation,Movie,2010,154
CT02909,Heart Off,Drama,Series,2017,27
CT02910,Finish Certain,Drama,Movie,2021,109
CT02911,Write Hear,Action,Movie,2023,109
CT02912,Investment Sound,Thriller,Movie,2011,158
CT02913,Suddenly Grow,Documentary,Movie,2024,81
CT02914,Themselves Floor,Drama,Movie,2021,80
CT02915,Pull Education,Comedy,Series,2016,50
CT02916,Heavy Race,Thriller,Movie,2020,118
CT02917,Test Strong,Action,Movie,2026,135
CT02918,Just Heavy,Sci-Fi,Series,2012,30
CT02919,Generation Thing,Sci-Fi,Movie,2024,146
CT02920,Per Small,Action,Series,2020,45
CT02921,Sister Continue,Animation,Movie,2016,153
CT02922,Feel Effect,Thriller,Series,2013,26
CT02923,Sea Sure,Comedy,Movie,2022,95
CT02924,Parent Animal,Drama,Series,2012,23
CT02925,Ten Civil,Action,Series,2020,41
CT02926,Clearly Tree,Thriller,Series,2015,20
CT02927,Minute Ability,Action,Movie,2019,133
CT02928,Tree Born,Drama,Series,2024,61
CT02929,Congress Term,Action,Series,2011,66
CT02930,Situation Loss,Action,Movie,2025,148
CT02931,Away Summer,Comedy,Series,2019,33
CT02932,Model Left,Action,Movie,2026,126
CT02933,Yourself Whatever,Sci-Fi,Movie,2013,144
CT02934,Explain Country,Drama,Series,2015,64
CT02935,Because Suddenly,Comedy,Movie,2023,141
CT02936,Message Subject,Sci-Fi,Series,2016,51
CT02937,Rather Type,Animation,Movie,2013,129
CT02938,Sense Operation,Sci-Fi,Series,2010,45
CT02939,Late Series,Thriller,Series,2024,32
CT02940,Indeed Local,Comedy,Series,2012,26
CT02941,Type Company,Comedy,Series,2020,47
CT02942,During However,Romance,Movie,2017,89
CT02943,But Hot,Comedy,Movie,2024,164
CT02944,Along Whatever,Action,Series,2010,58
CT02945,Modern Watch,Sci-Fi,Series,2010,55
CT02946,Put Involve,Drama,Series,2019,64
CT02947,My Spend,Drama,Movie,2015,135
CT02948,Customer Relationship,Animation,Movie,2017,112
CT02949,Evening Note,Comedy,Series,2021,61
CT02950,Son Population,Animation,Series,2016,23
CT02951,Piece Boy,Documentary,Movie,2016,127
CT02952,Conference Republican,Comedy,Movie,2021,111
CT02953,Their House,Thriller,Movie,2017,142
CT02954,Former Figure,Comedy,Series,2012,46
CT02955,Different Option,Animation,Series,2025,48
CT02956,Many Two,Romance,Movie,2021,84
CT02957,Write Along,Drama,Movie,2024,168
CT02958,Green Outside,Animation,Series,2018,36
CT02959,Moment Technology,Sci-Fi,Series,2019,25
CT02960,Maintain A,Animation,Series,2024,40
CT02961,Sit Expect,Drama,Movie,2023,94
CT02962,Gas Guess,Romance,Movie,2025,81
CT02963,Weight Politics,Action,Movie,2018,131
CT02964,Project Put,Sci-Fi,Series,2013,25
CT02965,Own Significant,Documentary,Series,2023,31
CT02966,Go Exactly,Sci-Fi,Movie,2016,178
CT02967,Simply Water,Comedy,Series,2025,61
CT02968,Field Among,Comedy,Movie,2013,167
CT02969,Reduce Recently,Thriller,Movie,2017,122
CT02970,Two Avoid,Thriller,Movie,2021,98
CT02971,Certain Lose,Drama,Series,2023,23
CT02972,Water Ok,Sci-Fi,Series,2019,45
CT02973,Foot Determine,Animation,Series,2022,23
CT02974,Who Thousand,Documentary,Movie,2020,120
CT02975,Course Factor,Thriller,Movie,2017,137
CT02976,Red Trade,Action,Movie,2022,156
CT02977,Pass Fine,Documentary,Movie,2022,156
CT02978,Building Say,Animation,Movie,2016,108
CT02979,New Race,Comedy,Series,2022,37
CT02980,Together Between,Drama,Movie,2018,170
CT02981,Authority Quite,Sci-Fi,Series,2025,27
CT02982,Call Upon,Animation,Movie,2017,168
CT02983,Bad Ago,Thriller,Movie,2020,102
CT02984,Show Media,Sci-Fi,Movie,2011,88
CT02985,Ten Still,Romance,Movie,2022,169
CT02986,Single Miss,Sci-Fi,Movie,2022,117
CT02987,Number Turn,Documentary,Movie,2020,144
CT02988,Beat Name,Documentary,Movie,2018,174
CT02989,Know Good,Animation,Series,2023,54
CT02990,Develop Some,Sci-Fi,Series,2015,40
CT02991,Effort Treatment,Romance,Movie,2018,91
CT02992,Meeting Like,Sci-Fi,Movie,2025,114
CT02993,Cold Blue,Thriller,Movie,2013,123
CT02994,Wide Treat,Documentary,Movie,2015,142
CT02995,Forward Figure,Animation,Movie,2018,169
CT02996,Peace Pretty,Romance,Movie,2017,152
CT02997,Hope Explain,Comedy,Series,2021,40
CT02998,Tend Figure,Documentary,Movie,2017,131
CT02999,Fly Unit,Action,Series,2011,22
CT03000,Usually Mission,Documentary,Movie,2021,124
CT03001,Country Small,Sci-Fi,Movie,2025,133
CT03002,Rock North,Action,Series,2017,69
CT03003,Data Best,Action,Movie,2017,84
CT03004,Later Bed,Comedy,Series,2010,50
CT03005,Strong Almost,Thriller,Movie,2020,110
CT03006,International Dinner,Action,Movie,2014,139
CT03007,Source Site,Drama,Movie,2013,136
CT03008,Voice Window,Documentary,Movie,2015,90
CT03009,Lawyer Age,Documentary,Series,2015,68
CT03010,Between This,Animation,Series,2010,27
CT03011,Spend Break,Action,Movie,2021,144
CT03012,Actually Real,Action,Movie,2022,149
CT03013,Glass Blood,Comedy,Movie,2012,103
CT03014,Democratic Common,Thriller,Movie,2015,162
CT03015,Author Miss,Comedy,Movie,2025,112
CT03016,Trouble Talk,Animation,Series,2019,30
CT03017,Finish Spend,Animation,Movie,2025,83
CT03018,Seat Body,Comedy,Movie,2013,120
CT03019,Song Officer,Action,Series,2012,27
CT03020,Half Tree,Romance,Movie,2012,103
CT03021,Certainly Box,Sci-Fi,Series,2026,43
CT03022,Item Consider,Animation,Movie,2013,170
CT03023,Parent Identify,Thriller,Movie,2016,110
CT03024,Opportunity Upon,Documentary,Movie,2023,100
CT03025,Imagine Oil,Thriller,Movie,2011,97
CT03026,Coach Size,Thriller,Series,2017,20
CT03027,Natural Hand,Drama,Series,2017,45
CT03028,Interest Power,Drama,Series,2021,60
CT03029,Commercial Kitchen,Action,Movie,2010,94
CT03030,Board Building,Drama,Movie,2010,153
CT03031,Night Society,Action,Movie,2020,112
CT03032,Away Office,Documentary,Movie,2011,167
CT03033,Run Or,Comedy,Movie,2022,174
CT03034,Evening Institution,Comedy,Series,2011,26
CT03035,Move Color,Action,Series,2012,48
CT03036,Himself Wide,Sci-Fi,Series,2021,34
CT03037,Million Talk,Comedy,Movie,2021,140
CT03038,Trouble Plant,Drama,Movie,2021,176
CT03039,Industry Compare,Romance,Series,2026,65
CT03040,Soon Fall,Action,Series,2022,26
CT03041,Season Trade,Animation,Movie,2022,116
CT03042,Unit Special,Documentary,Series,2010,61
CT03043,Difference Suffer,Sci-Fi,Movie,2019,112
CT03044,Push Pressure,Animation,Series,2010,64
CT03045,Edge Expect,Thriller,Series,2011,31
CT03046,Not Garden,Action,Movie,2020,94
CT03047,Perform Good,Comedy,Movie,2024,116
CT03048,Stuff Model,Sci-Fi,Series,2025,21
CT03049,Science Picture,Comedy,Series,2019,30
CT03050,Social Challenge,Comedy,Movie,2017,85
CT03051,Cold Shake,Thriller,Movie,2023,156
CT03052,Ahead These,Sci-Fi,Movie,2015,101
CT03053,Family Well,Documentary,Movie,2014,88
CT03054,Phone Treatment,Action,Series,2023,64
CT03055,Far Finally,Documentary,Movie,2020,87
CT03056,Five Home,Thriller,Series,2018,66
CT03057,Much City,Romance,Series,2010,28
CT03058,Dream Coach,Drama,Movie,2016,162
CT03059,Who My,Documentary,Movie,2016,172
CT03060,Final Realize,Drama,Movie,2017,144
CT03061,Common Practice,Action,Series,2021,35
CT03062,Do Paper,Drama,Series,2018,65
CT03063,Number Speech,Romance,Movie,2010,113
CT03064,None Word,Animation,Movie,2022,145
CT03065,Seem Community,Sci-Fi,Movie,2024,133
CT03066,Bit According,Thriller,Series,2010,32
CT03067,Hot Listen,Sci-Fi,Series,2016,63
CT03068,Ball Southern,Documentary,Series,2013,63
CT03069,Everything Authority,Comedy,Series,2012,43
CT03070,Air Price,Thriller,Movie,2022,120
CT03071,Include New,Comedy,Movie,2019,136
CT03072,Send Attorney,Action,Movie,2022,167
CT03073,Chance Hundred,Animation,Movie,2026,179
CT03074,Power Beyond,Romance,Movie,2020,162
CT03075,Nature Get,Sci-Fi,Movie,2018,143
CT03076,Drive Feeling,Documentary,Series,2016,67
CT03077,Entire Lot,Sci-Fi,Series,2024,40
CT03078,Sea Draw,Comedy,Movie,2010,113
CT03079,Read Line,Thriller,Series,2019,32
CT03080,Energy Recognize,Romance,Series,2016,60
CT03081,Still Fill,Documentary,Movie,2019,138
CT03082,Art Me,Documentary,Movie,2011,102
CT03083,Who Young,Animation,Series,2022,58
CT03084,Trial Group,Animation,Series,2019,65
CT03085,Office Three,Documentary,Movie,2018,120
CT03086,Help Tax,Documentary,Series,2010,38
CT03087,Thousand Trade,Thriller,Series,2022,24
CT03088,Economy However,Thriller,Movie,2013,171
CT03089,In Five,Drama,Movie,2015,164
CT03090,Environment Your,Comedy,Movie,2010,101
CT03091,Vote College,Documentary,Series,2011,70
CT03092,Audience Tonight,Animation,Movie,2019,121
CT03093,Spring Guy,Documentary,Movie,2022,172
CT03094,Economic Enjoy,Thriller,Movie,2012,102
CT03095,Bar Suddenly,Documentary,Movie,2024,92
CT03096,Call Become,Thriller,Series,2011,67
CT03097,Cause Line,Documentary,Series,2019,25
CT03098,Last Rise,Thriller,Movie,2024,174
CT03099,Tv Investment,Sci-Fi,Series,2017,27
CT03100,Standard Book,Animation,Movie,2022,174
CT03101,Chair To,Drama,Movie,2013,168
CT03102,Remain Ok,Comedy,Series,2016,45
CT03103,His Agree,Drama,Series,2017,57
CT03104,Run Though,Documentary,Movie,2016,136
CT03105,Word For,Romance,Series,2022,65
CT03106,Early Occur,Animation,Movie,2026,104
CT03107,Voice Try,Action,Movie,2019,130
CT03108,Western First,Sci-Fi,Series,2010,45
CT03109,Face Never,Sci-Fi,Movie,2022,127
CT03110,Rich Outside,Action,Movie,2025,114
CT03111,Itself Decade,Animation,Series,2026,20
CT03112,Administration Board,Drama,Series,2014,67
CT03113,Stop Number,Romance,Series,2021,67
CT03114,Question Bag,Thriller,Series,2021,61
CT03115,Animal Real,Thriller,Movie,2025,147
CT03116,Half Charge,Documentary,Movie,2014,84
CT03117,Way Indeed,Romance,Movie,2013,85
CT03118,Final Society,Comedy,Series,2021,37
CT03119,Leave Brother,Drama,Movie,2026,105
CT03120,Notice Structure,Comedy,Movie,2013,145
CT03121,Respond Year,Sci-Fi,Series,2014,45
CT03122,Capital Onto,Animation,Movie,2019,178
CT03123,Happy Result,Drama,Movie,2013,122
CT03124,Stuff Never,Action,Movie,2012,103
CT03125,Itself Expert,Sci-Fi,Series,2022,46
CT03126,Our Talk,Action,Series,2026,53
CT03127,Reach Off,Action,Movie,2018,116
CT03128,Spend See,Action,Series,2024,25
CT03129,Resource Life,Drama,Series,2019,55
CT03130,Him Trouble,Drama,Series,2022,67
CT03131,Bank Pull,Documentary,Movie,2019,174
CT03132,Page Couple,Sci-Fi,Series,2019,47
CT03133,Father Economy,Animation,Series,2020,66
CT03134,Experience Nature,Sci-Fi,Movie,2021,83
CT03135,Baby Brother,Animation,Movie,2025,120
CT03136,Collection Power,Drama,Movie,2022,105
CT03137,Mention Strong,Documentary,Movie,2010,158
CT03138,Well Bank,Drama,Movie,2015,85
CT03139,Sport Language,Sci-Fi,Series,2022,22
CT03140,Art Subject,Documentary,Series,2018,59
CT03141,Pm Certain,Animation,Series,2013,20
CT03142,Blue Beyond,Documentary,Series,2013,43
CT03143,Five Answer,Comedy,Movie,2015,151
CT03144,My Ball,Romance,Movie,2025,176
CT03145,Indicate Democratic,Sci-Fi,Movie,2011,115
CT03146,Bring Do,Sci-Fi,Series,2017,53
CT03147,Happy Include,Comedy,Movie,2016,178
CT03148,International Each,Action,Series,2020,25
CT03149,Put Else,Animation,Movie,2021,111
CT03150,Themselves Whose,Romance,Movie,2021,132
CT03151,Write Rest,Action,Series,2015,63
CT03152,Relate Agency,Comedy,Movie,2018,176
CT03153,Need Listen,Animation,Movie,2026,162
CT03154,Eat Challenge,Thriller,Series,2018,57
CT03155,One From,Sci-Fi,Series,2013,42
CT03156,Clear Station,Thriller,Movie,2018,133
CT03157,Part Data,Drama,Series,2021,69
CT03158,My Each,Animation,Series,2011,40
CT03159,Issue Collection,Comedy,Movie,2013,132
CT03160,Probably Reach,Action,Movie,2017,123
CT03161,Center Suddenly,Drama,Series,2019,46
CT03162,Start Add,Action,Movie,2026,130
CT03163,Teacher Big,Sci-Fi,Series,2021,45
CT03164,Somebody Any,Sci-Fi,Series,2011,35
CT03165,Great Campaign,Drama,Series,2016,32
CT03166,Recently Base,Action,Movie,2010,85
CT03167,Expert Including,Drama,Series,2020,64
CT03168,Do Weight,Comedy,Movie,2020,150
CT03169,Want Not,Thriller,Movie,2016,81
CT03170,Here Follow,Action,Movie,2013,100
CT03171,Concern Affect,Sci-Fi,Series,2023,41
CT03172,Nothing Operation,Animation,Movie,2023,112
CT03173,Add Seem,Animation,Series,2019,33
CT03174,One Institution,Drama,Series,2022,49
CT03175,National Lay,Drama,Series,2015,33
CT03176,Fast Style,Action,Movie,2026,93
CT03177,Cultural Political,Animation,Series,2013,45
CT03178,Always Point,Thriller,Movie,2018,137
CT03179,Should Measure,Thriller,Series,2016,46
CT03180,Price Sound,Romance,Series,2019,59
CT03181,Team Detail,Drama,Movie,2011,144
CT03182,Their Question,Thriller,Series,2024,49
CT03183,Work Sit,Sci-Fi,Movie,2014,120
CT03184,Too Fall,Romance,Movie,2014,95
CT03185,Dream Treat,Documentary,Series,2022,67
CT03186,Wait Father,Animation,Movie,2022,166
CT03187,Summer Skill,Animation,Movie,2011,171
CT03188,Short Green,Drama,Series,2015,69
CT03189,Too Before,Action,Series,2019,68
CT03190,Property Agent,Animation,Movie,2026,119
CT03191,President Or,Documentary,Series,2013,66
CT03192,Find Half,Comedy,Movie,2022,130
CT03193,Along City,Documentary,Movie,2014,113
CT03194,Together Claim,Animation,Series,2010,45
CT03195,Across Trade,Romance,Movie,2026,82
CT03196,Set Pretty,Action,Movie,2011,169
CT03197,Bad Point,Documentary,Series,2023,45
CT03198,Measure Group,Drama,Series,2010,31
CT03199,Tell Trouble,Comedy,Series,2015,40
CT03200,Eye Yard,Animation,Movie,2016,171
CT03201,Campaign Five,Romance,Movie,2024,165
CT03202,Base Computer,Drama,Series,2014,24
CT03203,Could Involve,Thriller,Series,2012,22
CT03204,Too Lose,Thriller,Movie,2025,114
CT03205,Camera Team,Romance,Series,2024,54
CT03206,Art Perhaps,Sci-Fi,Movie,2017,102
CT03207,Difficult Must,Documentary,Movie,2021,177
CT03208,Pull Two,Documentary,Movie,2016,144
CT03209,Enough Line,Animation,Series,2024,23
CT03210,Positive Administration,Drama,Movie,2017,89
CT03211,Notice Instead,Sci-Fi,Movie,2025,165
CT03212,And Imagine,Animation,Movie,2011,138
CT03213,Music Toward,Action,Series,2011,67
CT03214,Either Miss,Comedy,Series,2017,38
CT03215,Risk Item,Documentary,Movie,2020,124
CT03216,Home Next,Documentary,Series,2022,39
CT03217,Light Billion,Sci-Fi,Series,2012,47
CT03218,Physical Opportunity,Drama,Movie,2020,157
CT03219,Me Question,Comedy,Movie,2021,131
CT03220,Lawyer Really,Romance,Movie,2023,131
CT03221,Let Church,Thriller,Movie,2015,102
CT03222,Paper Available,Comedy,Movie,2011,134
CT03223,Customer Born,Sci-Fi,Series,2016,38
CT03224,Arm All,Comedy,Movie,2011,148
CT03225,Behavior Special,Animation,Movie,2016,153
CT03226,Also Almost,Documentary,Movie,2012,161
CT03227,Red So,Documentary,Movie,2020,141
CT03228,Can Plant,Comedy,Series,2010,32
CT03229,Certainly Government,Action,Movie,2019,162
CT03230,Range Reveal,Comedy,Series,2025,20
CT03231,Money Special,Romance,Series,2018,26
CT03232,Third Whole,Documentary,Series,2017,31
CT03233,Job Research,Documentary,Movie,2012,106
CT03234,Simple Commercial,Romance,Series,2015,68
CT03235,Garden Culture,Romance,Movie,2021,88
CT03236,Buy Full,Documentary,Series,2017,65
CT03237,Nor Detail,Drama,Series,2014,59
CT03238,National Exist,Thriller,Series,2017,63
CT03239,Source What,Drama,Movie,2018,152
CT03240,News Project,Drama,Movie,2024,126
CT03241,Establish Consider,Sci-Fi,Movie,2014,160
CT03242,Science Pretty,Sci-Fi,Movie,2010,130
CT03243,Laugh Democrat,Comedy,Movie,2018,129
CT03244,Truth Picture,Comedy,Series,2018,30
CT03245,Husband Leave,Comedy,Series,2021,45
CT03246,Machine Interest,Romance,Series,2023,56
CT03247,We House,Drama,Series,2012,50
CT03248,Nothing Design,Action,Movie,2026,156
CT03249,Reveal Cut,Documentary,Series,2023,41
CT03250,Must Build,Animation,Series,2020,42
CT03251,Table Student,Sci-Fi,Movie,2013,106
CT03252,Involve School,Animation,Movie,2024,169
CT03253,Know Protect,Thriller,Movie,2021,129
CT03254,Certain Staff,Sci-Fi,Series,2023,69
CT03255,Bring Quickly,Thriller,Series,2021,21
CT03256,Beautiful Vote,Thriller,Movie,2014,132
CT03257,Finish Fear,Drama,Movie,2018,115
CT03258,Foreign Beyond,Romance,Movie,2021,153
CT03259,Yet Source,Drama,Movie,2023,130
CT03260,Every Money,Romance,Movie,2012,162
CT03261,Fear Memory,Documentary,Series,2016,28
CT03262,Thank We,Animation,Series,2014,27
CT03263,Happy Expect,Thriller,Movie,2023,179
CT03264,National Officer,Sci-Fi,Series,2025,56
CT03265,Environment Make,Sci-Fi,Movie,2017,141
CT03266,Structure Lose,Action,Series,2021,47
CT03267,Born Fly,Comedy,Series,2015,42
CT03268,Benefit Thank,Sci-Fi,Movie,2013,173
CT03269,Live Central,Thriller,Movie,2017,144
CT03270,Morning Around,Action,Movie,2018,147
CT03271,Method Energy,Documentary,Movie,2012,131
CT03272,Describe Thought,Romance,Movie,2016,164
CT03273,Government Plan,Action,Movie,2026,83
CT03274,Instead Situation,Sci-Fi,Series,2013,65
CT03275,Must Seem,Drama,Movie,2018,150
CT03276,Store Task,Animation,Series,2018,27
CT03277,Affect Already,Sci-Fi,Series,2019,66
CT03278,Difficult You,Thriller,Movie,2019,101
CT03279,Finally With,Action,Movie,2011,124
CT03280,Food Social,Action,Movie,2023,95
CT03281,Then Buy,Sci-Fi,Movie,2021,161
CT03282,Necessary Million,Romance,Series,2015,65
CT03283,Without Ground,Drama,Movie,2019,90
CT03284,Way Adult,Thriller,Series,2025,33
CT03285,Charge Interesting,Sci-Fi,Series,2022,34
CT03286,Tree Site,Drama,Movie,2016,159
CT03287,Age Reflect,Romance,Movie,2024,146
CT03288,Material Maintain,Thriller,Series,2021,57
CT03289,Tv Against,Action,Series,2018,51
CT03290,Discuss Material,Action,Movie,2025,140
CT03291,Value Check,Drama,Movie,2015,102
CT03292,Interesting Difficult,Thriller,Series,2012,68
CT03293,Edge Oil,Comedy,Series,2023,51
CT03294,Court Painting,Animation,Series,2016,23
CT03295,Degree Despite,Animation,Series,2017,56
CT03296,Pick Agency,Drama,Movie,2010,113
CT03297,Carry Style,Animation,Series,2022,24
CT03298,North Weight,Comedy,Movie,2017,128
CT03299,High Buy,Animation,Movie,2014,150
CT03300,Room Building,Sci-Fi,Series,2019,39
CT03301,Mr Son,Sci-Fi,Series,2016,23
CT03302,Take Deep,Animation,Movie,2012,130
CT03303,Pull Stuff,Animation,Series,2016,63
CT03304,Second No,Thriller,Movie,2011,89
CT03305,Involve Help,Romance,Movie,2025,126
CT03306,Born Across,Drama,Movie,2015,141
CT03307,Gun My,Romance,Series,2015,63
CT03308,Push Deep,Documentary,Series,2011,32
CT03309,Staff Day,Action,Series,2024,47
CT03310,Exist Party,Thriller,Series,2024,35
CT03311,Shoulder Board,Sci-Fi,Series,2021,42
CT03312,Already Apply,Animation,Movie,2024,132
CT03313,Believe Upon,Romance,Movie,2021,90
CT03314,Modern Hit,Documentary,Series,2016,58
CT03315,Enter Clear,Animation,Series,2020,68
CT03316,Whatever Recent,Animation,Series,2019,63
CT03317,Race Student,Sci-Fi,Series,2025,22
CT03318,Science Yeah,Comedy,Movie,2025,135
CT03319,Until If,Romance,Movie,2026,98
CT03320,Expert Five,Animation,Series,2015,61
CT03321,Quality Happy,Animation,Movie,2023,149
CT03322,Second Effect,Romance,Series,2015,32
CT03323,Tree On,Action,Series,2024,69
CT03324,Leg Agency,Thriller,Movie,2013,129
CT03325,Deal Take,Thriller,Movie,2017,81
CT03326,Feeling By,Documentary,Series,2019,22
CT03327,From Involve,Romance,Movie,2022,130
CT03328,And Realize,Animation,Movie,2021,120
CT03329,Enjoy Sell,Sci-Fi,Series,2023,27
CT03330,As Example,Romance,Movie,2012,93
CT03331,Capital Either,Sci-Fi,Movie,2010,134
CT03332,Attack Hour,Comedy,Movie,2012,144
CT03333,Home Door,Drama,Series,2012,69
CT03334,Fall South,Comedy,Series,2010,20
CT03335,Perform City,Documentary,Movie,2024,172
CT03336,Wife School,Thriller,Series,2020,34
CT03337,Beat Use,Drama,Series,2024,26
CT03338,Why Away,Comedy,Series,2017,36
CT03339,Brother Them,Documentary,Series,2023,25
CT03340,Attention Become,Action,Movie,2021,110
CT03341,Between Old,Comedy,Movie,2016,162
CT03342,Through Economic,Documentary,Series,2011,49
CT03343,Way Here,Drama,Movie,2018,127
CT03344,Fast Next,Drama,Movie,2012,176
CT03345,East Attorney,Drama,Movie,2014,162
CT03346,Teach Research,Drama,Series,2022,57
CT03347,Be Finally,Comedy,Movie,2013,98
CT03348,Alone Control,Romance,Movie,2024,134
CT03349,These Story,Comedy,Movie,2020,95
CT03350,Report Recent,Animation,Series,2013,61
CT03351,On Method,Sci-Fi,Series,2024,66
CT03352,He East,Sci-Fi,Movie,2022,99
CT03353,Cut Customer,Documentary,Series,2020,47
CT03354,Congress Upon,Sci-Fi,Movie,2017,113
CT03355,Stock People,Romance,Movie,2018,87
CT03356,Hot Really,Documentary,Series,2023,36
CT03357,Before Home,Romance,Movie,2017,85
CT03358,Realize Environment,Action,Movie,2016,136
CT03359,Far Data,Romance,Movie,2012,154
CT03360,Worry Watch,Comedy,Series,2012,55
CT03361,While Growth,Sci-Fi,Movie,2023,101
CT03362,Individual Know,Thriller,Movie,2016,164
CT03363,Cultural Technology,Sci-Fi,Series,2010,21
CT03364,Work Unit,Romance,Series,2017,60
CT03365,Offer Still,Thriller,Series,2025,47
CT03366,Picture Easy,Sci-Fi,Movie,2010,104
CT03367,Every Education,Thriller,Series,2015,35
CT03368,Least Make,Action,Movie,2011,92
CT03369,Across Difficult,Documentary,Movie,2011,122
CT03370,Exist So,Sci-Fi,Movie,2017,164
CT03371,Lose Short,Sci-Fi,Series,2022,23
CT03372,Property Hundred,Animation,Series,2022,46
CT03373,As At,Sci-Fi,Series,2011,60
CT03374,Adult Read,Action,Movie,2017,141
CT03375,New Include,Drama,Series,2021,59
CT03376,Mind Radio,Romance,Movie,2026,101
CT03377,Sense Ability,Action,Series,2025,46
CT03378,Natural Happen,Sci-Fi,Series,2018,37
CT03379,Writer Present,Thriller,Movie,2014,101
CT03380,Fall Everything,Thriller,Series,2010,20
CT03381,Future Really,Animation,Series,2020,63
CT03382,Development Box,Action,Series,2011,48
CT03383,Company Above,Documentary,Movie,2012,90
CT03384,Former Early,Comedy,Movie,2016,102
CT03385,Shake Happy,Comedy,Series,2018,24
CT03386,Professional Interview,Thriller,Series,2026,26
CT03387,Worker Put,Action,Movie,2012,105
CT03388,School Society,Documentary,Movie,2021,160
CT03389,Everything Audience,Thriller,Series,2020,53
CT03390,Church Their,Drama,Movie,2022,139
CT03391,Owner Final,Romance,Movie,2010,95
CT03392,Glass However,Animation,Movie,2010,179
CT03393,Throw Soldier,Documentary,Movie,2010,100
CT03394,Draw Seem,Thriller,Series,2019,70
CT03395,Carry Book,Documentary,Series,2011,48
CT03396,Plan Billion,Romance,Series,2020,21
CT03397,Somebody Campaign,Thriller,Movie,2010,146
CT03398,President Will,Thriller,Series,2025,34
CT03399,Debate Enter,Drama,Movie,2014,154
CT03400,Responsibility Anyone,Comedy,Series,2026,49
CT03401,For Born,Sci-Fi,Series,2014,66
CT03402,Different Memory,Thriller,Series,2021,27
CT03403,Political Lot,Romance,Series,2010,65
CT03404,Include Local,Drama,Movie,2014,161
CT03405,Standard Walk,Romance,Movie,2025,122
CT03406,Strategy Rise,Animation,Movie,2012,105
CT03407,Prepare Anything,Comedy,Movie,2012,177
CT03408,Remain Career,Drama,Series,2015,67
CT03409,Girl Form,Romance,Movie,2026,118
CT03410,Nor Require,Sci-Fi,Movie,2015,144
CT03411,Tree Foreign,Comedy,Movie,2026,137
CT03412,Customer Must,Drama,Movie,2010,92
CT03413,Size Possible,Action,Series,2026,32
CT03414,Never Most,Thriller,Movie,2012,119
CT03415,Country Southern,Action,Movie,2013,160
CT03416,But Environmental,Animation,Series,2016,22
CT03417,Election Special,Drama,Series,2011,64
CT03418,Look Not,Documentary,Movie,2012,148
CT03419,Sure Control,Documentary,Series,2026,69
CT03420,Win Today,Romance,Movie,2022,104
CT03421,Whether Thousand,Action,Movie,2025,152
CT03422,Kitchen Mission,Comedy,Series,2013,49
CT03423,Run Fire,Drama,Movie,2016,125
CT03424,Card Carry,Action,Series,2018,61
CT03425,Because Painting,Thriller,Series,2022,49
CT03426,His Front,Sci-Fi,Movie,2018,160
CT03427,Common Suddenly,Documentary,Movie,2017,90
CT03428,Past Since,Documentary,Series,2011,33
CT03429,Win Air,Romance,Movie,2017,171
CT03430,Possible Already,Romance,Movie,2021,116
CT03431,Hot Month,Comedy,Movie,2013,159
CT03432,Consumer Include,Sci-Fi,Movie,2014,176
CT03433,If Glass,Documentary,Movie,2017,127
CT03434,Agent Less,Documentary,Movie,2019,124
CT03435,Learn Every,Documentary,Movie,2024,98
CT03436,Herself Security,Action,Movie,2013,99
CT03437,Adult Safe,Documentary,Movie,2015,176
CT03438,A Relationship,Drama,Movie,2022,127
CT03439,Research Worry,Animation,Movie,2019,143
CT03440,Television Happy,Animation,Movie,2024,135
CT03441,Test Small,Animation,Series,2017,64
CT03442,Leg Mind,Sci-Fi,Movie,2024,173
CT03443,Trip Ago,Documentary,Series,2017,40
CT03444,Shoulder Able,Romance,Series,2025,20
CT03445,Help Such,Animation,Series,2026,68
CT03446,Consider Discussion,Animation,Movie,2013,85
CT03447,Stage Few,Romance,Movie,2025,174
CT03448,Garden Most,Romance,Movie,2019,139
CT03449,Value Visit,Action,Series,2012,37
CT03450,Population Officer,Documentary,Movie,2026,115
CT03451,Professional Clear,Animation,Movie,2015,157
CT03452,Paper Whom,Drama,Series,2021,26
CT03453,Country Treatment,Sci-Fi,Series,2023,38
CT03454,Contain Once,Comedy,Series,2019,30
CT03455,Actually Total,Comedy,Series,2019,31
CT03456,Serve Television,Comedy,Movie,2015,109
CT03457,Foot Find,Documentary,Series,2018,60
CT03458,Yet Black,Animation,Movie,2011,115
CT03459,Executive Certainly,Action,Movie,2024,139
CT03460,Catch Campaign,Comedy,Series,2019,25
CT03461,Sport Ask,Comedy,Series,2017,57
CT03462,Nearly Blood,Drama,Movie,2019,169
CT03463,Word Road,Documentary,Movie,2026,87
CT03464,Common Full,Documentary,Movie,2026,123
CT03465,Rock Similar,Animation,Movie,2023,139
CT03466,Media Any,Documentary,Series,2011,36
CT03467,Age Statement,Sci-Fi,Series,2020,27
CT03468,Better Indeed,Documentary,Movie,2026,179
CT03469,Technology Little,Thriller,Series,2012,48
CT03470,Before What,Drama,Movie,2012,159
CT03471,Very At,Action,Movie,2025,106
CT03472,Themselves Treatment,Comedy,Movie,2018,164
CT03473,Fear City,Thriller,Movie,2026,102
CT03474,Service Usually,Sci-Fi,Series,2017,25
CT03475,Effect View,Thriller,Movie,2018,162
CT03476,Individual Suffer,Thriller,Movie,2024,124
CT03477,Late Itself,Action,Series,2022,38
CT03478,Foreign Detail,Comedy,Movie,2019,118
CT03479,Week Federal,Sci-Fi,Series,2020,22
CT03480,Which Safe,Thriller,Movie,2016,155
CT03481,Tend Article,Documentary,Series,2014,55
CT03482,Arm Around,Thriller,Movie,2019,141
CT03483,Any Lot,Sci-Fi,Movie,2018,113
CT03484,News Red,Comedy,Series,2019,69
CT03485,Southern Look,Thriller,Movie,2013,94
CT03486,Single According,Thriller,Movie,2014,145
CT03487,Black Itself,Documentary,Movie,2026,97
CT03488,Science Push,Romance,Series,2010,46
CT03489,Guy Policy,Comedy,Series,2013,27
CT03490,Financial Employee,Romance,Series,2013,58
CT03491,None Low,Thriller,Movie,2022,157
CT03492,Plant Include,Animation,Series,2024,52
CT03493,Though Whatever,Drama,Series,2016,58
CT03494,Follow Marriage,Romance,Movie,2021,80
CT03495,Throughout Shake,Animation,Movie,2020,123
CT03496,Weight Section,Drama,Series,2022,29
CT03497,Hour Far,Drama,Movie,2026,132
CT03498,Gun Behind,Thriller,Series,2013,56
CT03499,None Door,Documentary,Movie,2024,151
CT03500,Institution Short,Documentary,Movie,2012,174
CT03501,Throw Hair,Thriller,Series,2018,26
CT03502,Need Local,Romance,Movie,2011,116
CT03503,Rise Be,Romance,Movie,2011,150
CT03504,Pay Box,Thriller,Series,2018,53
CT03505,Someone Message,Action,Series,2023,49
CT03506,Goal Set,Drama,Movie,2018,89
CT03507,Pick Check,Thriller,Movie,2017,81
CT03508,Right Property,Action,Movie,2023,132
CT03509,Care Down,Documentary,Series,2019,57
CT03510,Main Family,Comedy,Movie,2014,123
CT03511,Cell Various,Action,Series,2026,65
CT03512,Because Role,Thriller,Series,2020,44
CT03513,Hotel Son,Comedy,Movie,2015,103
CT03514,Reflect Affect,Animation,Series,2024,40
CT03515,Mrs Reason,Action,Movie,2022,179
CT03516,Write Coach,Animation,Movie,2011,89
CT03517,Response Nor,Comedy,Movie,2021,118
CT03518,World Ground,Romance,Movie,2016,130
CT03519,Personal General,Thriller,Movie,2014,124
CT03520,Call Write,Documentary,Movie,2011,177
CT03521,Our Record,Thriller,Series,2020,53
CT03522,Read Fund,Romance,Series,2016,57
CT03523,Building Dog,Drama,Series,2020,65
CT03524,Professional Discover,Comedy,Series,2014,31
CT03525,Human Interview,Romance,Movie,2011,167
CT03526,Itself East,Thriller,Movie,2025,130
CT03527,Cause Successful,Drama,Movie,2018,159
CT03528,Become In,Thriller,Series,2010,70
CT03529,Century Think,Romance,Series,2021,45
CT03530,Give Weight,Action,Series,2012,35
CT03531,Change Chair,Comedy,Series,2018,24
CT03532,Attack Source,Animation,Series,2014,48
CT03533,Back Ability,Thriller,Movie,2020,141
CT03534,Yard Party,Action,Movie,2018,139
CT03535,Wrong Local,Animation,Movie,2025,169
CT03536,Oil Action,Animation,Series,2021,27
CT03537,Including Interview,Comedy,Movie,2019,146
CT03538,Should Change,Comedy,Movie,2025,91
CT03539,Boy Face,Comedy,Movie,2013,109
CT03540,Traditional Bring,Sci-Fi,Series,2012,21
CT03541,Today Send,Action,Movie,2016,175
CT03542,Describe Offer,Sci-Fi,Series,2023,44
CT03543,Might Anything,Action,Movie,2012,95
CT03544,Bad Myself,Thriller,Movie,2020,100
CT03545,Their Church,Documentary,Movie,2025,91
CT03546,Herself Lay,Action,Movie,2015,102
CT03547,Operation My,Animation,Movie,2019,132
CT03548,Clear Organization,Documentary,Series,2013,52
CT03549,Born Culture,Animation,Movie,2026,110
CT03550,Nothing Recently,Comedy,Series,2016,36
CT03551,Large Technology,Thriller,Movie,2022,100
CT03552,Hard Actually,Romance,Movie,2025,107
CT03553,Street Ready,Romance,Movie,2012,169
CT03554,Medical Its,Thriller,Movie,2010,178
CT03555,Effect Ground,Thriller,Series,2023,27
CT03556,Admit That,Drama,Series,2011,56
CT03557,Board Safe,Romance,Movie,2023,177
CT03558,Coach Air,Sci-Fi,Series,2026,47
CT03559,Surface Long,Action,Series,2011,47
CT03560,Them Call,Animation,Series,2021,63
CT03561,Here Citizen,Documentary,Series,2023,22
CT03562,Property Campaign,Action,Movie,2014,85
CT03563,Ready Then,Drama,Movie,2012,124
CT03564,Property Establish,Sci-Fi,Series,2020,62
CT03565,Peace Sister,Animation,Movie,2011,145
CT03566,Early Happy,Animation,Movie,2019,142
CT03567,Threat What,Animation,Series,2026,68
CT03568,Most Carry,Action,Series,2018,62
CT03569,Level Network,Drama,Movie,2025,118
CT03570,Become Grow,Comedy,Movie,2013,174
CT03571,Late Ability,Action,Movie,2019,154
CT03572,Body Garden,Animation,Series,2022,60
CT03573,Bad Shoulder,Action,Movie,2020,157
CT03574,Else How,Romance,Movie,2015,162
CT03575,Throw Next,Drama,Movie,2012,119
CT03576,Heart Tend,Action,Movie,2014,125
CT03577,Choice Main,Animation,Series,2024,35
CT03578,Boy Such,Sci-Fi,Movie,2023,92
CT03579,Into Let,Romance,Movie,2018,93
CT03580,Fine Two,Thriller,Movie,2016,83
CT03581,Affect Employee,Comedy,Series,2010,29
CT03582,Available Reason,Comedy,Movie,2016,154
CT03583,Whose Meeting,Drama,Movie,2011,80
CT03584,Push Place,Sci-Fi,Movie,2026,106
CT03585,Bill Clear,Comedy,Movie,2025,131
CT03586,For Care,Drama,Movie,2025,130
CT03587,If Throughout,Action,Series,2026,52
CT03588,Recognize Instead,Romance,Series,2018,37
CT03589,Star Detail,Action,Movie,2018,80
CT03590,Wife Teach,Drama,Series,2023,50
CT03591,Drug Billion,Thriller,Movie,2020,119
CT03592,Three Four,Thriller,Movie,2020,95
CT03593,Event Believe,Action,Series,2019,59
CT03594,Ever Compare,Sci-Fi,Series,2023,67
CT03595,Arrive Official,Romance,Series,2021,62
CT03596,Even Whether,Thriller,Movie,2025,174
CT03597,As Economy,Comedy,Movie,2013,151
CT03598,Special Best,Romance,Series,2026,35
CT03599,Step Expect,Romance,Series,2014,52
CT03600,Cup Require,Romance,Movie,2016,136
CT03601,Goal Suffer,Thriller,Movie,2016,137
CT03602,Manage Sing,Action,Movie,2024,179
CT03603,End Red,Sci-Fi,Series,2021,35
CT03604,Just Coach,Romance,Series,2010,27
CT03605,Down From,Drama,Series,2015,53
CT03606,Manage Player,Documentary,Movie,2010,141
CT03607,Successful Or,Comedy,Movie,2017,152
CT03608,Manage Section,Documentary,Movie,2016,149
CT03609,War Former,Thriller,Movie,2022,136
CT03610,Then Media,Romance,Movie,2021,148
CT03611,Happy We,Drama,Series,2024,24
CT03612,Store Sit,Sci-Fi,Series,2019,24
CT03613,Interest Need,Comedy,Movie,2019,93
CT03614,Building Enough,Comedy,Movie,2016,107
CT03615,Game Remain,Comedy,Series,2021,31
CT03616,Have Production,Animation,Movie,2013,136
CT03617,Little Choice,Thriller,Movie,2014,150
CT03618,Majority Democratic,Comedy,Movie,2011,164
CT03619,Surface Style,Animation,Movie,2013,125
CT03620,Wait Cause,Animation,Series,2018,60
CT03621,Same Enter,Romance,Movie,2010,150
CT03622,Grow Drop,Thriller,Series,2015,63
CT03623,Road Bar,Comedy,Series,2015,31
CT03624,Special Indeed,Drama,Series,2023,24
CT03625,Nice Reality,Comedy,Movie,2014,84
CT03626,Friend At,Romance,Movie,2011,134
CT03627,Require Choice,Action,Series,2018,30
CT03628,Certain Challenge,Sci-Fi,Movie,2015,132
CT03629,Until Begin,Thriller,Movie,2014,90
CT03630,Back All,Drama,Movie,2011,96
CT03631,But Free,Romance,Series,2018,44
CT03632,Many Right,Thriller,Series,2014,29
CT03633,Sign Probably,Comedy,Movie,2022,116
CT03634,Today Boy,Romance,Movie,2023,82
CT03635,Leave Remain,Action,Movie,2020,144
CT03636,Wear Real,Comedy,Series,2024,62
CT03637,Myself Star,Documentary,Series,2017,59
CT03638,Radio Memory,Romance,Movie,2014,101
CT03639,Her Onto,Romance,Series,2021,63
CT03640,Song Lead,Action,Series,2010,44
CT03641,Structure Building,Sci-Fi,Movie,2026,83
CT03642,Government View,Animation,Series,2025,29
CT03643,Him Not,Animation,Movie,2016,180
CT03644,Some Forget,Animation,Series,2026,63
CT03645,Although Second,Thriller,Movie,2026,131
CT03646,Eye Medical,Animation,Series,2012,63
CT03647,Scene Head,Action,Movie,2026,175
CT03648,Ok Right,Romance,Series,2018,30
CT03649,Happen Prevent,Thriller,Movie,2018,117
CT03650,Style Key,Sci-Fi,Series,2015,59
CT03651,Land Explain,Thriller,Movie,2014,162
CT03652,Ask Civil,Animation,Series,2019,54
CT03653,Only Everything,Romance,Series,2022,70
CT03654,Model Everything,Sci-Fi,Movie,2013,180
CT03655,Worry Nice,Romance,Series,2017,51
CT03656,Enter Stop,Drama,Series,2019,28
CT03657,Financial Impact,Comedy,Movie,2021,119
CT03658,Edge Left,Documentary,Movie,2021,155
CT03659,Pretty Wind,Action,Series,2023,40
CT03660,Impact Democratic,Sci-Fi,Series,2014,52
CT03661,Often Activity,Action,Series,2024,23
CT03662,Contain Different,Sci-Fi,Series,2019,47
CT03663,Personal Truth,Documentary,Series,2019,58
CT03664,Campaign Rise,Drama,Movie,2010,177
CT03665,Contain Conference,Documentary,Movie,2024,126
CT03666,Bill Unit,Thriller,Series,2024,33
CT03667,Too Only,Documentary,Series,2018,20
CT03668,Religious Us,Documentary,Series,2023,29
CT03669,Foot Manager,Thriller,Movie,2025,86
CT03670,Sometimes Fish,Drama,Series,2013,60
CT03671,Eight Industry,Sci-Fi,Movie,2026,107
CT03672,Perform Worry,Comedy,Movie,2013,106
CT03673,It Age,Comedy,Movie,2017,88
CT03674,Concern Should,Drama,Movie,2020,166
CT03675,Instead Probably,Sci-Fi,Series,2013,41
CT03676,Drive Capital,Thriller,Series,2023,39
CT03677,Part None,Action,Series,2012,27
CT03678,Often Move,Romance,Series,2024,34
CT03679,Training Now,Action,Series,2018,56
CT03680,Do Machine,Documentary,Movie,2026,105
CT03681,Follow Prevent,Thriller,Movie,2022,145
CT03682,Pay Figure,Comedy,Movie,2016,125
CT03683,Actually Event,Animation,Movie,2018,83
CT03684,Run Democrat,Action,Series,2015,33
CT03685,Live Small,Romance,Movie,2024,138
CT03686,Class Mouth,Documentary,Series,2025,56
CT03687,Data Much,Sci-Fi,Series,2023,51
CT03688,Do Prevent,Animation,Movie,2016,176
CT03689,Western Population,Sci-Fi,Movie,2018,81
CT03690,Two Audience,Sci-Fi,Movie,2020,104
CT03691,Reach Himself,Drama,Movie,2021,121
CT03692,Test Involve,Animation,Series,2020,39
CT03693,Better Produce,Action,Series,2016,57
CT03694,Nice Whole,Documentary,Series,2017,26
CT03695,Mouth Help,Drama,Movie,2012,177
CT03696,Nearly Recently,Thriller,Movie,2024,126
CT03697,Wife Letter,Comedy,Movie,2012,171
CT03698,Gas Pretty,Animation,Series,2024,51
CT03699,Home War,Drama,Series,2017,40
CT03700,Lead Forget,Documentary,Series,2012,27
CT03701,Save Up,Thriller,Movie,2014,113
CT03702,Seat Test,Romance,Movie,2024,171
CT03703,Light Resource,Documentary,Series,2017,20
CT03704,Remain Sea,Drama,Series,2011,37
CT03705,Read Product,Romance,Movie,2011,112
CT03706,Know Decision,Thriller,Movie,2025,118
CT03707,Difficult Resource,Drama,Series,2016,69
CT03708,Second Glass,Thriller,Series,2026,41
CT03709,Hold Instead,Animation,Series,2011,60
CT03710,Very Human,Action,Movie,2023,106
CT03711,Data Should,Comedy,Movie,2017,142
CT03712,Discover Center,Sci-Fi,Movie,2011,130
CT03713,Adult Candidate,Sci-Fi,Series,2024,23
CT03714,Forward Foreign,Thriller,Series,2011,70
CT03715,Increase State,Thriller,Series,2018,62
CT03716,Offer How,Animation,Movie,2018,87
CT03717,Movement Successful,Drama,Movie,2018,132
CT03718,Anyone Federal,Action,Movie,2013,140
CT03719,Rate Financial,Action,Movie,2020,138
CT03720,To Military,Comedy,Series,2016,70
CT03721,Decision Again,Thriller,Movie,2017,110
CT03722,Factor Despite,Action,Movie,2022,107
CT03723,Do Car,Animation,Series,2013,20
CT03724,Those Deep,Romance,Movie,2024,129
CT03725,New Mean,Comedy,Movie,2025,131
CT03726,Develop Issue,Sci-Fi,Series,2020,43
CT03727,Not Seven,Thriller,Series,2022,42
CT03728,Probably Successful,Sci-Fi,Movie,2022,133
CT03729,Ok Society,Documentary,Movie,2021,103
CT03730,Million Body,Thriller,Series,2024,25
CT03731,Mother Admit,Thriller,Series,2010,29
CT03732,Clear Forward,Action,Movie,2019,128
CT03733,Staff Simply,Thriller,Series,2024,26
CT03734,See Because,Animation,Movie,2020,104
CT03735,Traditional From,Thriller,Series,2017,49
CT03736,Boy Write,Comedy,Movie,2011,90
CT03737,Capital Scientist,Romance,Movie,2023,130
CT03738,Late Use,Drama,Series,2020,39
CT03739,Imagine Including,Comedy,Series,2024,21
CT03740,Laugh Performance,Action,Movie,2014,111
CT03741,My Method,Thriller,Movie,2013,99
CT03742,Low Help,Thriller,Series,2011,70
CT03743,Statement Anyone,Animation,Movie,2025,114
CT03744,Store Opportunity,Animation,Series,2024,55
CT03745,Camera Level,Romance,Series,2016,49
CT03746,Week Home,Sci-Fi,Movie,2015,160
CT03747,Reduce Everybody,Documentary,Series,2021,67
CT03748,Condition Accept,Sci-Fi,Series,2015,64
CT03749,Yard Include,Drama,Series,2024,32
CT03750,Expect One,Sci-Fi,Series,2024,42
CT03751,Act First,Drama,Movie,2015,139
CT03752,Cold Property,Comedy,Movie,2017,83
CT03753,Free Expert,Sci-Fi,Movie,2021,85
CT03754,Series Five,Action,Series,2022,22
CT03755,Marriage Candidate,Action,Movie,2020,180
CT03756,Responsibility Art,Romance,Series,2026,49
CT03757,Hope Party,Sci-Fi,Movie,2015,88
CT03758,Us Offer,Drama,Series,2018,26
CT03759,Her Term,Action,Series,2014,47
CT03760,Notice Floor,Comedy,Movie,2015,174
CT03761,Once Cut,Drama,Movie,2026,153
CT03762,Foot Smile,Sci-Fi,Movie,2015,90
CT03763,Lawyer Radio,Romance,Series,2014,48
CT03764,Mouth Hear,Comedy,Movie,2010,115
CT03765,Leader Region,Animation,Movie,2015,92
CT03766,Site Great,Comedy,Movie,2023,151
CT03767,Between East,Animation,Series,2011,48
CT03768,Interesting Benefit,Animation,Movie,2025,145
CT03769,Along Few,Thriller,Movie,2013,134
CT03770,Adult Save,Romance,Movie,2023,179
CT03771,Benefit Travel,Romance,Series,2018,25
CT03772,Find When,Animation,Movie,2021,162
CT03773,Article Themselves,Romance,Movie,2021,170
CT03774,Attack Pick,Sci-Fi,Series,2015,70
CT03775,Face Main,Action,Movie,2017,115
CT03776,Head Detail,Thriller,Movie,2014,150
CT03777,New Rule,Drama,Series,2022,48
CT03778,Including Western,Documentary,Series,2018,66
CT03779,Do Several,Romance,Series,2015,33
CT03780,Reflect Difficult,Thriller,Movie,2011,91
CT03781,Hold Nice,Thriller,Movie,2023,116
CT03782,Loss Investment,Thriller,Movie,2021,164
CT03783,Century We,Thriller,Movie,2022,134
CT03784,Customer Seven,Documentary,Movie,2018,80
CT03785,Current Common,Sci-Fi,Series,2022,27
CT03786,Raise Mother,Drama,Movie,2012,86
CT03787,North Go,Comedy,Series,2019,36
CT03788,Term Personal,Sci-Fi,Series,2015,48
CT03789,Various Wonder,Sci-Fi,Movie,2015,126
CT03790,Now Lead,Action,Series,2018,51
CT03791,Tonight Thousand,Comedy,Movie,2010,126
CT03792,Growth Cause,Comedy,Movie,2025,104
CT03793,Court Law,Comedy,Series,2010,24
CT03794,Will Bill,Sci-Fi,Series,2011,39
CT03795,Detail Town,Animation,Series,2017,61
CT03796,Natural College,Comedy,Series,2020,35
CT03797,Feel Report,Comedy,Series,2019,20
CT03798,Stage Finally,Drama,Movie,2023,164
CT03799,If Time,Documentary,Series,2025,25
CT03800,Since Surface,Action,Movie,2015,140
CT03801,War Position,Drama,Series,2017,68
CT03802,Traditional Believe,Documentary,Movie,2019,88
CT03803,Four Remain,Romance,Movie,2015,93
CT03804,Open Me,Sci-Fi,Movie,2022,85
CT03805,House Make,Documentary,Series,2023,45
CT03806,Energy Political,Action,Movie,2016,122
CT03807,Exist Control,Thriller,Series,2015,52
CT03808,Everything Ever,Drama,Series,2025,32
CT03809,Bring Gun,Animation,Series,2011,53
CT03810,Produce Ten,Drama,Series,2022,42
CT03811,Day Easy,Comedy,Movie,2015,97
CT03812,Price Stage,Documentary,Movie,2014,137
CT03813,Less Similar,Animation,Movie,2010,138
CT03814,Million Throughout,Sci-Fi,Movie,2017,165
CT03815,Likely Couple,Animation,Movie,2013,98
CT03816,First Discussion,Thriller,Movie,2010,149
CT03817,Those Cup,Comedy,Movie,2022,103
CT03818,System Eye,Action,Movie,2020,145
CT03819,Bank Spend,Romance,Movie,2017,152
CT03820,Give Believe,Documentary,Movie,2010,142
CT03821,His Pattern,Romance,Movie,2014,180
CT03822,Concern Audience,Animation,Movie,2018,177
CT03823,Make Student,Action,Movie,2021,123
CT03824,Word History,Sci-Fi,Series,2026,52
CT03825,Blood We,Comedy,Movie,2021,160
CT03826,Price Agency,Comedy,Movie,2014,127
CT03827,Carry Cause,Romance,Movie,2010,122
CT03828,And Military,Comedy,Series,2013,26
CT03829,Use Theory,Sci-Fi,Series,2014,66
CT03830,Information Glass,Documentary,Movie,2013,97
CT03831,Know Month,Animation,Series,2021,66
CT03832,Team Our,Romance,Movie,2024,173
CT03833,Over How,Romance,Movie,2023,100
CT03834,Own Answer,Drama,Movie,2025,172
CT03835,Hospital Yard,Comedy,Movie,2015,114
CT03836,Total Mouth,Action,Movie,2018,116
CT03837,Beautiful Their,Comedy,Movie,2021,157
CT03838,Author Never,Romance,Movie,2019,115
CT03839,Expert Future,Drama,Series,2014,53
CT03840,Seat Dog,Action,Movie,2017,168
CT03841,Beyond Shake,Action,Movie,2022,144
CT03842,Either Before,Drama,Movie,2016,142
CT03843,Man Book,Drama,Movie,2018,87
CT03844,Leader Will,Romance,Series,2019,66
CT03845,Environment Rate,Animation,Movie,2015,169
CT03846,Easy Bill,Sci-Fi,Movie,2014,155
CT03847,Big Police,Action,Movie,2014,107
CT03848,Price Sense,Sci-Fi,Movie,2015,115
CT03849,Across Bar,Action,Series,2025,45
CT03850,Appear Letter,Action,Movie,2015,137
CT03851,Her Over,Romance,Movie,2024,117
CT03852,Least Bill,Animation,Movie,2018,161
CT03853,Listen Season,Thriller,Series,2020,66
CT03854,Approach Person,Romance,Series,2019,37
CT03855,Own Stay,Comedy,Series,2013,52
CT03856,She Impact,Sci-Fi,Series,2010,38
CT03857,Necessary Resource,Romance,Series,2016,64
CT03858,Customer Amount,Documentary,Movie,2017,171
CT03859,Poor Set,Sci-Fi,Movie,2021,135
CT03860,Bank Worker,Action,Movie,2026,156
CT03861,Case Along,Drama,Series,2014,20
CT03862,Travel East,Thriller,Movie,2012,156
CT03863,Style Deep,Documentary,Series,2021,32
CT03864,Administration Space,Romance,Movie,2024,163
CT03865,Animal Century,Animation,Movie,2012,179
CT03866,Rate Stop,Action,Movie,2022,128
CT03867,State Increase,Comedy,Series,2011,62
CT03868,Office Family,Comedy,Series,2012,35
CT03869,Hope End,Action,Series,2017,44
CT03870,Middle Impact,Action,Series,2017,45
CT03871,Save Cause,Documentary,Movie,2011,102
CT03872,Language Director,Drama,Series,2016,23
CT03873,Service Cause,Sci-Fi,Movie,2024,126
CT03874,Town Country,Action,Movie,2018,137
CT03875,Answer Sing,Thriller,Movie,2025,174
CT03876,Throughout Like,Action,Movie,2024,168
CT03877,Catch Trouble,Comedy,Movie,2018,82
CT03878,When Structure,Animation,Series,2023,37
CT03879,Another Challenge,Thriller,Series,2011,30
CT03880,Hand Fact,Animation,Series,2014,48
CT03881,Expect Water,Animation,Movie,2016,149
CT03882,Treat Fill,Sci-Fi,Series,2019,48
CT03883,Including As,Thriller,Movie,2010,136
CT03884,Word Feeling,Documentary,Series,2020,68
CT03885,Family How,Action,Series,2024,27
CT03886,Yes His,Sci-Fi,Series,2020,66
CT03887,Defense Day,Documentary,Movie,2013,88
CT03888,Pick Parent,Action,Movie,2025,103
CT03889,Front Company,Thriller,Movie,2022,139
CT03890,Artist Keep,Documentary,Movie,2014,145
CT03891,Keep Interview,Action,Series,2019,24
CT03892,Mr Only,Romance,Movie,2016,128
CT03893,Produce Like,Documentary,Series,2025,27
CT03894,Up No,Animation,Movie,2025,105
CT03895,Discover Full,Drama,Movie,2011,93
CT03896,Minute News,Animation,Series,2024,44
CT03897,Organization Good,Drama,Movie,2024,144
CT03898,Officer Simple,Sci-Fi,Series,2017,54
CT03899,Indicate Page,Romance,Movie,2021,161
CT03900,Management Even,Romance,Movie,2022,151
CT03901,Yes Hit,Action,Movie,2016,93
CT03902,Some Learn,Animation,Series,2012,33
CT03903,Well Important,Action,Movie,2019,156
CT03904,Win Dog,Action,Movie,2022,152
CT03905,Hit Lot,Sci-Fi,Movie,2019,85
CT03906,Score Prove,Thriller,Series,2025,27
CT03907,Perhaps Several,Animation,Movie,2021,167
CT03908,Edge Pick,Sci-Fi,Movie,2019,136
CT03909,Partner These,Thriller,Movie,2017,145
CT03910,Enjoy Choice,Documentary,Movie,2012,127
CT03911,Many Use,Romance,Movie,2017,121
CT03912,Inside Page,Thriller,Movie,2023,134
CT03913,Allow Court,Documentary,Movie,2023,129
CT03914,Crime Necessary,Animation,Series,2014,41
CT03915,Work Will,Thriller,Series,2023,49
CT03916,Performance Painting,Comedy,Movie,2024,100
CT03917,Sit Example,Animation,Movie,2019,84
CT03918,Each Deal,Documentary,Movie,2011,82
CT03919,Wife Within,Thriller,Movie,2020,137
CT03920,Itself Society,Thriller,Movie,2024,170
CT03921,Avoid Body,Documentary,Series,2021,25
CT03922,Know Answer,Drama,Series,2018,60
CT03923,Form Kid,Thriller,Series,2010,70
CT03924,Mrs Statement,Documentary,Movie,2020,180
CT03925,Speak Small,Sci-Fi,Series,2024,30
CT03926,Leave Beautiful,Comedy,Movie,2017,176
CT03927,Send Development,Action,Series,2019,22
CT03928,Information Might,Romance,Movie,2025,144
CT03929,Field Necessary,Thriller,Series,2015,24
CT03930,Between Indicate,Action,Series,2021,34
CT03931,Present Whole,Drama,Movie,2023,111
CT03932,Relate Great,Animation,Movie,2019,167
CT03933,Painting Expect,Romance,Movie,2018,102
CT03934,Risk Film,Comedy,Movie,2021,116
CT03935,Book Analysis,Sci-Fi,Movie,2024,94
CT03936,Line Near,Action,Series,2024,29
CT03937,Network Safe,Comedy,Movie,2017,120
CT03938,Southern Could,Drama,Movie,2018,116
CT03939,Candidate Office,Documentary,Movie,2016,152
CT03940,Red Turn,Romance,Movie,2016,134
CT03941,Range Cup,Sci-Fi,Series,2019,20
CT03942,Fast Area,Animation,Series,2015,26
CT03943,Police Although,Action,Movie,2022,172
CT03944,Fire Yes,Action,Series,2011,33
CT03945,Yeah Oil,Sci-Fi,Series,2018,35
CT03946,Official Various,Romance,Series,2019,39
CT03947,Visit Inside,Comedy,Movie,2019,148
CT03948,Director Peace,Action,Movie,2010,176
CT03949,Property Identify,Sci-Fi,Movie,2012,126
CT03950,Actually Response,Documentary,Series,2015,69
CT03951,Blood Me,Documentary,Series,2026,63
CT03952,Wind Him,Sci-Fi,Movie,2022,104
CT03953,Knowledge Nation,Sci-Fi,Movie,2016,130
CT03954,Hope Party,Documentary,Series,2011,53
CT03955,Page Song,Drama,Series,2014,26
CT03956,Will Between,Romance,Movie,2017,152
CT03957,Those Land,Documentary,Movie,2010,177
CT03958,Voice Rather,Romance,Series,2011,23
CT03959,Class Truth,Romance,Movie,2010,154
CT03960,Low Particularly,Thriller,Series,2019,54
CT03961,Explain Along,Documentary,Series,2019,51
CT03962,Magazine Why,Sci-Fi,Series,2016,49
CT03963,Me Gun,Sci-Fi,Series,2011,47
CT03964,From Let,Drama,Movie,2012,140
CT03965,From Make,Animation,Movie,2013,116
CT03966,Them Part,Sci-Fi,Movie,2025,152
CT03967,Bag Interest,Animation,Movie,2019,132
CT03968,Next Worry,Action,Series,2025,48
CT03969,List Society,Sci-Fi,Movie,2014,90
CT03970,May Yes,Documentary,Movie,2021,152
CT03971,Design Line,Sci-Fi,Movie,2024,171
CT03972,Loss Pretty,Comedy,Movie,2018,169
CT03973,Decade Summer,Documentary,Movie,2012,113
CT03974,Cause Individual,Animation,Movie,2015,177
CT03975,Able Only,Romance,Movie,2018,143
CT03976,List Look,Documentary,Movie,2022,91
CT03977,Cause Size,Sci-Fi,Movie,2025,98
CT03978,Entire Game,Thriller,Series,2026,43
CT03979,Forward Attention,Documentary,Series,2020,22
CT03980,Machine Still,Animation,Movie,2016,168
CT03981,Model Response,Documentary,Series,2015,56
CT03982,Already Everybody,Animation,Series,2018,35
CT03983,Short Set,Romance,Series,2020,50
CT03984,South Board,Thriller,Movie,2011,87
CT03985,Clear Computer,Action,Series,2012,22
CT03986,Travel Left,Romance,Movie,2024,157
CT03987,Build Mind,Animation,Movie,2024,93
CT03988,We Number,Thriller,Movie,2016,90
CT03989,Use Page,Comedy,Movie,2010,94
CT03990,Involve Former,Action,Movie,2022,132
CT03991,Offer Recent,Documentary,Series,2013,66
CT03992,Indeed Our,Drama,Movie,2016,120
CT03993,Hand Example,Sci-Fi,Series,2013,32
CT03994,Government Four,Comedy,Movie,2019,140
CT03995,Home Discussion,Drama,Movie,2020,141
CT03996,Understand Score,Documentary,Movie,2024,122
CT03997,Nearly Woman,Sci-Fi,Series,2015,38
CT03998,Travel Short,Documentary,Series,2015,46
CT03999,Figure Fill,Sci-Fi,Movie,2012,102
CT04000,Suffer Around,Thriller,Movie,2022,151
CT04001,Stage Particular,Comedy,Movie,2012,118
CT04002,Question Within,Action,Movie,2017,85
CT04003,Boy Word,Drama,Movie,2022,130
CT04004,Step Contain,Animation,Movie,2012,93
CT04005,Laugh Network,Romance,Movie,2016,129
CT04006,Lay Main,Sci-Fi,Movie,2022,164
CT04007,Imagine Possible,Sci-Fi,Movie,2013,106
CT04008,Collection Whatever,Romance,Movie,2021,173
CT04009,Tonight All,Documentary,Series,2021,31
CT04010,Care Huge,Thriller,Movie,2019,170
CT04011,Way Last,Romance,Movie,2015,180
CT04012,There Thousand,Romance,Series,2015,67
CT04013,Arrive Film,Animation,Series,2021,52
CT04014,Raise Face,Animation,Movie,2022,106
CT04015,Rather Gun,Comedy,Series,2011,56
CT04016,Boy Make,Documentary,Movie,2010,132
CT04017,Note Budget,Action,Movie,2015,142
CT04018,Report Itself,Animation,Series,2013,48
CT04019,Either Choose,Comedy,Movie,2016,127
CT04020,Animal Carry,Sci-Fi,Series,2022,63
CT04021,Already Media,Romance,Movie,2013,143
CT04022,Wall Than,Drama,Movie,2020,103
CT04023,Analysis Politics,Thriller,Movie,2013,157
CT04024,Write Glass,Animation,Series,2020,54
CT04025,Memory Sense,Animation,Movie,2015,125
CT04026,Management Cell,Romance,Series,2022,36
CT04027,Left Way,Action,Series,2012,21
CT04028,Six Impact,Action,Movie,2014,139
CT04029,Itself Third,Documentary,Movie,2019,164
CT04030,Large Oil,Comedy,Series,2012,27
CT04031,Forget Area,Romance,Series,2023,39
CT04032,Matter Question,Comedy,Series,2019,56
CT04033,Adult Beat,Action,Movie,2014,170
CT04034,Bag Within,Sci-Fi,Movie,2020,155
CT04035,Method Might,Sci-Fi,Series,2015,67
CT04036,Decide When,Animation,Movie,2026,90
CT04037,True Seat,Sci-Fi,Movie,2013,151
CT04038,Interest Task,Animation,Series,2013,58
CT04039,Their Wind,Documentary,Series,2011,63
CT04040,Age Interest,Sci-Fi,Movie,2013,92
CT04041,Position Yourself,Drama,Series,2021,47
CT04042,Firm Than,Thriller,Movie,2016,100
CT04043,Down Right,Action,Movie,2023,91
CT04044,Bad Exist,Drama,Series,2010,43
CT04045,Threat Room,Thriller,Series,2015,29
CT04046,Industry Institution,Drama,Movie,2018,156
CT04047,Blue Should,Thriller,Series,2019,70
CT04048,Should Really,Documentary,Movie,2023,110
CT04049,Floor Sound,Documentary,Series,2016,53
CT04050,School Life,Sci-Fi,Series,2024,63
CT04051,Book Baby,Action,Series,2014,29
CT04052,Anyone Wrong,Thriller,Series,2020,34
CT04053,Mission Bed,Documentary,Movie,2024,165
CT04054,Sign Trial,Comedy,Series,2012,26
CT04055,Before Final,Action,Movie,2011,119
CT04056,Mind Rock,Action,Movie,2012,88
CT04057,Population Between,Comedy,Movie,2021,173
CT04058,Design Rich,Comedy,Movie,2024,80
CT04059,Toward Vote,Sci-Fi,Movie,2018,116
CT04060,Easy College,Animation,Series,2025,61
CT04061,Wrong Make,Comedy,Series,2024,44
CT04062,Our Fish,Documentary,Series,2019,54
CT04063,Place Mouth,Documentary,Movie,2013,137
CT04064,Their Whose,Drama,Series,2024,26
CT04065,Road Save,Sci-Fi,Movie,2015,124
CT04066,Board Such,Romance,Series,2011,69
CT04067,Trip Window,Drama,Movie,2026,133
CT04068,As Member,Animation,Movie,2023,91
CT04069,Card To,Comedy,Series,2015,29
CT04070,Prevent Visit,Thriller,Series,2015,31
CT04071,Term Final,Comedy,Series,2025,20
CT04072,From Attorney,Action,Series,2012,47
CT04073,Too High,Thriller,Series,2023,47
CT04074,Investment Middle,Drama,Series,2015,65
CT04075,Maintain Table,Romance,Series,2017,48
CT04076,School Long,Comedy,Series,2023,24
CT04077,Rock Would,Drama,Series,2015,40
CT04078,More Join,Thriller,Movie,2015,127
CT04079,Play Including,Comedy,Movie,2010,167
CT04080,Anything Always,Thriller,Movie,2021,127
CT04081,Relate Lead,Drama,Movie,2016,130
CT04082,Move Gas,Drama,Movie,2014,123
CT04083,President Myself,Comedy,Movie,2011,81
CT04084,Budget Fast,Drama,Series,2024,36
CT04085,Recognize Join,Drama,Movie,2010,165
CT04086,Worker Benefit,Sci-Fi,Movie,2022,129
CT04087,The Almost,Romance,Movie,2014,136
CT04088,Throughout Of,Drama,Movie,2018,129
CT04089,Source Pull,Comedy,Movie,2024,126
CT04090,Home Machine,Romance,Movie,2025,123
CT04091,Type Product,Sci-Fi,Movie,2018,84
CT04092,Recently Then,Comedy,Series,2015,42
CT04093,Subject Save,Sci-Fi,Series,2011,47
CT04094,Woman Ask,Documentary,Movie,2011,86
CT04095,Meet Quality,Sci-Fi,Movie,2011,123
CT04096,Job Their,Romance,Movie,2011,169
CT04097,Choose Sense,Animation,Movie,2015,139
CT04098,Buy Never,Animation,Series,2011,28
CT04099,Reduce Simply,Comedy,Movie,2019,107
CT04100,South Blue,Action,Movie,2021,128
CT04101,Three Improve,Romance,Series,2019,60
CT04102,Water First,Comedy,Movie,2022,116
CT04103,Race Go,Animation,Movie,2026,141
CT04104,Player Their,Documentary,Series,2024,39
CT04105,Office Mouth,Documentary,Series,2013,55
CT04106,Citizen Edge,Documentary,Movie,2012,111
CT04107,Here Admit,Sci-Fi,Series,2024,20
CT04108,Them But,Thriller,Series,2026,59
CT04109,Activity Environmental,Drama,Movie,2019,96
CT04110,Morning Town,Documentary,Series,2019,56
CT04111,Show Decide,Comedy,Movie,2013,81
CT04112,Minute Professional,Comedy,Movie,2016,141
CT04113,Main Everybody,Sci-Fi,Series,2012,47
CT04114,Writer Position,Romance,Movie,2026,141
CT04115,Record Heart,Drama,Movie,2014,90
CT04116,Act Operation,Romance,Movie,2026,169
CT04117,Stay Morning,Animation,Series,2022,39
CT04118,Energy Respond,Comedy,Movie,2020,169
CT04119,Condition Lay,Comedy,Movie,2019,171
CT04120,Vote Without,Action,Movie,2024,135
CT04121,Mind However,Action,Movie,2026,100
CT04122,Firm Tough,Romance,Movie,2020,105
CT04123,Writer Today,Animation,Movie,2021,121
CT04124,West Teach,Comedy,Movie,2021,93
CT04125,Serious Report,Romance,Movie,2011,94
CT04126,Voice Writer,Documentary,Movie,2022,162
CT04127,Field Little,Drama,Series,2010,69
CT04128,Attorney Tend,Action,Series,2014,65
CT04129,Science Wear,Romance,Movie,2023,177
CT04130,You Particular,Action,Movie,2014,145
CT04131,Person Power,Sci-Fi,Movie,2013,100
CT04132,Hair Partner,Documentary,Movie,2011,163
CT04133,Million Well,Documentary,Series,2022,64
CT04134,Take South,Thriller,Movie,2015,101
CT04135,Maintain Same,Action,Series,2014,30
CT04136,Government Eye,Sci-Fi,Movie,2012,114
CT04137,Around Year,Thriller,Movie,2010,149
CT04138,Indeed Chance,Animation,Movie,2017,150
CT04139,Reality Fish,Sci-Fi,Movie,2010,119
CT04140,Contain Kid,Thriller,Movie,2025,123
CT04141,Event Indeed,Drama,Movie,2011,148
CT04142,Drop Piece,Sci-Fi,Movie,2015,95
CT04143,Participant Nor,Drama,Movie,2026,156
CT04144,Appear Former,Thriller,Movie,2019,178
CT04145,Vote Professional,Romance,Series,2025,40
CT04146,Money Large,Animation,Series,2025,63
CT04147,Line Memory,Drama,Series,2022,31
CT04148,Recognize Industry,Comedy,Movie,2021,136
CT04149,Heart Dog,Romance,Movie,2011,138
CT04150,Source No,Documentary,Movie,2016,94
CT04151,Success Wife,Action,Series,2026,24
CT04152,Trip Quality,Documentary,Movie,2011,110
CT04153,Where Animal,Romance,Movie,2022,89
CT04154,Cost Should,Action,Movie,2022,124
CT04155,Site Return,Action,Movie,2025,95
CT04156,Forget Else,Animation,Series,2021,66
CT04157,Return During,Thriller,Movie,2015,137
CT04158,Reality History,Thriller,Movie,2024,135
CT04159,Meet Another,Romance,Movie,2011,141
CT04160,Concern Theory,Action,Movie,2024,144
CT04161,Medical Not,Sci-Fi,Series,2016,55
CT04162,Argue Side,Romance,Movie,2015,99
CT04163,Behind Seem,Thriller,Movie,2026,110
CT04164,Recognize One,Sci-Fi,Movie,2015,179
CT04165,Total Spring,Animation,Series,2012,42
CT04166,Him Nor,Comedy,Movie,2021,126
CT04167,Occur Character,Sci-Fi,Movie,2014,89
CT04168,Pressure Base,Sci-Fi,Movie,2012,108
CT04169,Pretty Fish,Comedy,Series,2017,42
CT04170,Work Common,Sci-Fi,Movie,2018,105
CT04171,Always Tonight,Comedy,Movie,2015,102
CT04172,Ok Imagine,Drama,Series,2021,49
CT04173,Environmental Prevent,Animation,Movie,2015,125
CT04174,Lawyer For,Sci-Fi,Series,2012,57
CT04175,Entire Keep,Romance,Movie,2016,97
CT04176,Mention But,Action,Movie,2026,108
CT04177,Your Build,Action,Series,2019,42
CT04178,Usually Action,Thriller,Movie,2021,90
CT04179,Common State,Sci-Fi,Movie,2025,165
CT04180,Resource Without,Comedy,Series,2026,59
CT04181,Hour Owner,Animation,Movie,2016,155
CT04182,A Trade,Documentary,Movie,2024,116
CT04183,State South,Romance,Movie,2018,85
CT04184,Particularly Carry,Thriller,Movie,2013,108
CT04185,Military She,Animation,Movie,2010,144
CT04186,Spend Nation,Romance,Series,2020,23
CT04187,Quickly Military,Drama,Movie,2010,158
CT04188,Particular Happy,Thriller,Movie,2026,178
CT04189,Look Beautiful,Drama,Movie,2021,171
CT04190,Loss Easy,Drama,Series,2022,66
CT04191,Ever Open,Documentary,Movie,2014,140
CT04192,Company Story,Comedy,Movie,2011,151
CT04193,Age Guess,Sci-Fi,Series,2019,49
CT04194,Else Spend,Documentary,Movie,2022,145
CT04195,Present Stop,Thriller,Series,2018,40
CT04196,Center See,Animation,Series,2017,24
CT04197,White Rich,Sci-Fi,Movie,2026,164
CT04198,Seat Page,Documentary,Movie,2023,118
CT04199,Dark Professional,Documentary,Series,2019,62
CT04200,Threat Example,Action,Series,2021,43
CT04201,Begin Base,Documentary,Series,2022,35
CT04202,Behind Girl,Animation,Series,2022,62
CT04203,Eye Maybe,Action,Movie,2018,144
CT04204,Rock Voice,Animation,Series,2020,55
CT04205,Another Author,Sci-Fi,Movie,2010,120
CT04206,Rest Upon,Comedy,Movie,2014,102
CT04207,Position Top,Drama,Movie,2024,145
CT04208,Ball Again,Sci-Fi,Movie,2016,107
CT04209,Image Age,Documentary,Movie,2023,147
CT04210,Foreign Fall,Documentary,Movie,2024,128
CT04211,Fire Reality,Sci-Fi,Movie,2023,128
CT04212,Forget Like,Animation,Movie,2022,112
CT04213,Economic Class,Thriller,Series,2023,61
CT04214,Course Party,Sci-Fi,Movie,2026,139
CT04215,But Police,Sci-Fi,Movie,2021,82
CT04216,Tell Ball,Action,Movie,2015,161
CT04217,Receive Form,Documentary,Series,2024,57
CT04218,Only Collection,Animation,Movie,2013,145
CT04219,Particular Around,Comedy,Series,2016,46
CT04220,Environmental Usually,Sci-Fi,Series,2012,35
CT04221,Candidate Which,Romance,Movie,2025,133
CT04222,Want Weight,Comedy,Movie,2011,139
CT04223,Country Area,Comedy,Movie,2021,153
CT04224,Right Senior,Drama,Series,2014,36
CT04225,Party Style,Drama,Movie,2013,107
CT04226,Would Assume,Romance,Movie,2011,104
CT04227,Worry Result,Thriller,Series,2014,56
CT04228,Defense More,Romance,Movie,2021,121
CT04229,Effect Type,Sci-Fi,Movie,2017,163
CT04230,Sometimes Trade,Comedy,Movie,2026,152
CT04231,Feel Science,Animation,Movie,2021,123
CT04232,Friend Evening,Romance,Movie,2019,173
CT04233,Recently Recognize,Comedy,Series,2025,44
CT04234,Herself However,Animation,Movie,2017,115
CT04235,Avoid Doctor,Action,Series,2014,29
CT04236,Sit Left,Thriller,Movie,2014,98
CT04237,Ask Begin,Comedy,Movie,2023,109
CT04238,Week Before,Comedy,Movie,2011,89
CT04239,Raise Program,Romance,Movie,2022,118
CT04240,Hand Discussion,Action,Series,2010,38
CT04241,Citizen Impact,Romance,Movie,2013,154
CT04242,New Like,Documentary,Movie,2020,85
CT04243,Begin Develop,Action,Series,2023,54
CT04244,Remember Physical,Action,Series,2012,24
CT04245,It Heart,Comedy,Series,2026,49
CT04246,Probably Across,Romance,Movie,2026,102
CT04247,Under Radio,Comedy,Movie,2017,97
CT04248,Rest Nature,Romance,Movie,2020,126
CT04249,Late Explain,Romance,Movie,2013,146
CT04250,Week Southern,Comedy,Series,2022,23
CT04251,Nearly On,Thriller,Series,2012,32
CT04252,Mind Term,Comedy,Movie,2026,173
CT04253,Stock Attorney,Thriller,Series,2026,57
CT04254,Add Mrs,Documentary,Movie,2025,171
CT04255,Night Family,Comedy,Series,2018,51
CT04256,Newspaper Act,Romance,Series,2013,28
CT04257,Rather Single,Documentary,Series,2011,50
CT04258,Computer People,Thriller,Series,2011,52
CT04259,Growth Now,Documentary,Movie,2011,94
CT04260,Knowledge Read,Animation,Series,2017,59
CT04261,Anyone Floor,Documentary,Series,2023,46
CT04262,Nothing Activity,Sci-Fi,Movie,2019,103
CT04263,Them Seem,Romance,Movie,2023,107
CT04264,Scientist Question,Romance,Movie,2012,167
CT04265,Civil Measure,Drama,Movie,2022,132
CT04266,Result Huge,Thriller,Movie,2010,117
CT04267,Move Back,Animation,Movie,2020,153
CT04268,Computer Job,Action,Movie,2024,123
CT04269,Clear Drive,Sci-Fi,Movie,2021,129
CT04270,Describe Election,Comedy,Series,2017,58
CT04271,Quite Hospital,Comedy,Movie,2023,172
CT04272,Despite Top,Thriller,Series,2023,25
CT04273,Region Risk,Drama,Movie,2015,139
CT04274,Activity Effect,Drama,Movie,2013,120
CT04275,Range Series,Comedy,Movie,2026,141
CT04276,Body Future,Documentary,Series,2017,52
CT04277,Mrs Whom,Animation,Movie,2026,113
CT04278,Land Training,Animation,Movie,2017,169
CT04279,Customer Far,Thriller,Series,2013,22
CT04280,Meet Have,Thriller,Series,2014,25
CT04281,Door Spring,Documentary,Movie,2022,106
CT04282,American Personal,Comedy,Movie,2013,173
CT04283,Hot Congress,Thriller,Movie,2016,129
CT04284,Leg Certain,Comedy,Series,2016,47
CT04285,Letter Involve,Animation,Series,2024,28
CT04286,Treatment Approach,Comedy,Movie,2025,99
CT04287,Occur Suddenly,Action,Series,2011,23
CT04288,Each Service,Romance,Movie,2024,180
CT04289,Clear Check,Documentary,Movie,2026,134
CT04290,Event Make,Comedy,Movie,2016,171
CT04291,Political Measure,Animation,Movie,2022,172
CT04292,Commercial System,Documentary,Series,2013,33
CT04293,Say Bed,Documentary,Movie,2026,105
CT04294,Writer Plan,Comedy,Series,2019,45
CT04295,Least Major,Romance,Series,2020,21
CT04296,Up Democrat,Documentary,Movie,2022,131
CT04297,Someone Many,Documentary,Series,2014,45
CT04298,Establish Group,Comedy,Movie,2025,84
CT04299,Team Fast,Action,Movie,2026,103
CT04300,Successful Clearly,Sci-Fi,Series,2014,50
CT04301,Meeting Could,Action,Movie,2013,123
CT04302,Simple Five,Romance,Movie,2023,156
CT04303,Present Party,Drama,Movie,2013,115
CT04304,Enough Station,Sci-Fi,Series,2026,66
CT04305,Nothing Second,Documentary,Movie,2021,124
CT04306,Small Agent,Thriller,Movie,2025,113
CT04307,Save Against,Documentary,Series,2018,29
CT04308,Majority Ago,Animation,Series,2012,42
CT04309,Through Benefit,Animation,Movie,2023,109
CT04310,More Attack,Animation,Movie,2014,173
CT04311,Behavior Have,Action,Series,2017,35
CT04312,Interest Media,Animation,Movie,2013,161
CT04313,Onto Agreement,Animation,Series,2025,66
CT04314,Test Recently,Action,Movie,2022,143
CT04315,Push Difficult,Thriller,Series,2015,57
CT04316,Wonder Positive,Drama,Movie,2015,151
CT04317,Across Image,Drama,Series,2020,21
CT04318,Enough Amount,Romance,Series,2015,68
CT04319,Price Reflect,Documentary,Movie,2026,120
CT04320,Call Physical,Action,Series,2014,70
CT04321,Add Down,Action,Movie,2021,111
CT04322,Create American,Thriller,Series,2026,22
CT04323,Film Subject,Sci-Fi,Movie,2017,160
CT04324,Successful Really,Drama,Movie,2021,150
CT04325,Same Third,Romance,Movie,2025,164
CT04326,Threat Protect,Romance,Movie,2024,166
CT04327,Write East,Action,Movie,2011,91
CT04328,Main Upon,Thriller,Movie,2025,135
CT04329,Discussion Traditional,Documentary,Movie,2026,156
CT04330,Be Difficult,Comedy,Series,2024,40
CT04331,Successful Front,Romance,Series,2011,50
CT04332,Know Including,Thriller,Series,2024,60
CT04333,Develop Hundred,Documentary,Movie,2023,150
CT04334,Call Goal,Documentary,Movie,2016,137
CT04335,Former Seven,Drama,Series,2016,29
CT04336,Top Crime,Sci-Fi,Series,2024,33
CT04337,Whom Most,Sci-Fi,Movie,2024,82
CT04338,From Traditional,Sci-Fi,Series,2018,49
CT04339,Alone Forget,Drama,Movie,2016,116
CT04340,Daughter For,Comedy,Series,2025,39
CT04341,Whatever Really,Romance,Series,2018,41
CT04342,Significant Note,Comedy,Movie,2015,164
CT04343,Son Great,Romance,Movie,2019,165
CT04344,Store Large,Thriller,Movie,2024,157
CT04345,Green Election,Documentary,Movie,2023,144
CT04346,Both Least,Animation,Movie,2012,105
CT04347,Long Senior,Documentary,Movie,2014,86
CT04348,Politics Million,Comedy,Series,2017,64
CT04349,Sometimes Note,Romance,Movie,2018,124
CT04350,Attention Step,Romance,Series,2026,26
CT04351,Decade Executive,Romance,Series,2016,63
CT04352,Senior Maintain,Action,Series,2023,28
CT04353,Fight Move,Comedy,Movie,2018,103
CT04354,Policy Certainly,Drama,Series,2022,21
CT04355,Leg Cover,Romance,Movie,2026,131
CT04356,Choice Play,Romance,Series,2011,32
CT04357,Fine Role,Comedy,Series,2015,54
CT04358,Effort Picture,Thriller,Series,2013,48
CT04359,Concern Side,Documentary,Series,2024,23
CT04360,Write Major,Thriller,Series,2014,48
CT04361,Mission Specific,Documentary,Movie,2025,164
CT04362,Face And,Romance,Movie,2014,148
CT04363,Year Rest,Animation,Movie,2015,91
CT04364,Take Language,Sci-Fi,Movie,2021,124
CT04365,Truth Natural,Romance,Series,2018,58
CT04366,Stand Nice,Animation,Movie,2020,103
CT04367,Since Firm,Sci-Fi,Movie,2017,89
CT04368,Who Wall,Thriller,Movie,2014,147
CT04369,Guess Party,Action,Series,2024,27
CT04370,Surface Present,Sci-Fi,Movie,2012,128
CT04371,Anyone Major,Action,Series,2023,58
CT04372,Black Car,Documentary,Series,2014,50
CT04373,Hear Point,Documentary,Series,2024,50
CT04374,Measure Reach,Drama,Series,2010,41
CT04375,Little Pay,Sci-Fi,Series,2019,28
CT04376,Able Generation,Animation,Movie,2023,177
CT04377,Option Wonder,Comedy,Series,2016,61
CT04378,Value Thing,Sci-Fi,Movie,2019,127
CT04379,Glass View,Action,Movie,2017,160
CT04380,Ten Eye,Romance,Movie,2017,137
CT04381,Like Ten,Thriller,Movie,2015,116
CT04382,Large Life,Action,Movie,2017,130
CT04383,Hotel Girl,Documentary,Movie,2015,113
CT04384,Above Can,Thriller,Series,2023,25
CT04385,Consider Window,Drama,Movie,2020,125
CT04386,Record One,Action,Movie,2022,139
CT04387,Him Think,Thriller,Movie,2018,112
CT04388,Majority Protect,Thriller,Series,2021,54
CT04389,Key Consider,Documentary,Movie,2015,81
CT04390,Know Car,Documentary,Series,2019,52
CT04391,Special Like,Action,Series,2011,44
CT04392,Often Special,Documentary,Series,2013,44
CT04393,Number Smile,Documentary,Series,2020,32
CT04394,President Effect,Drama,Movie,2011,90
CT04395,Conference Best,Documentary,Movie,2016,135
CT04396,Fast Attorney,Action,Movie,2026,171
CT04397,Age Knowledge,Romance,Series,2020,38
CT04398,Write Season,Drama,Series,2015,53
CT04399,Deal Kind,Animation,Series,2015,60
CT04400,Generation First,Action,Series,2026,68
CT04401,Modern Former,Animation,Movie,2025,157
CT04402,Glass Company,Documentary,Series,2015,62
CT04403,Soldier Above,Comedy,Series,2018,43
CT04404,Most Anything,Documentary,Movie,2013,158
CT04405,Shake Whatever,Action,Movie,2021,109
CT04406,After Smile,Drama,Movie,2020,123
CT04407,Provide Exist,Sci-Fi,Series,2021,34
CT04408,Quite Question,Action,Series,2010,46
CT04409,Bank Turn,Sci-Fi,Series,2014,27
CT04410,Buy Only,Comedy,Series,2017,23
CT04411,Human Other,Sci-Fi,Movie,2016,111
CT04412,Here Can,Sci-Fi,Movie,2023,148
CT04413,Step Case,Action,Series,2022,48
CT04414,Environmental Population,Sci-Fi,Series,2013,39
CT04415,Share Offer,Thriller,Series,2012,55
CT04416,East Method,Drama,Series,2017,48
CT04417,East Blue,Romance,Series,2022,26
CT04418,Food Hundred,Documentary,Movie,2016,129
CT04419,Reason Song,Thriller,Movie,2024,112
CT04420,Onto Politics,Thriller,Movie,2011,118
CT04421,Whether Only,Comedy,Movie,2024,124
CT04422,This Hit,Drama,Series,2014,45
CT04423,Professional They,Comedy,Movie,2021,166
CT04424,Education Everybody,Action,Movie,2015,158
CT04425,Education Many,Romance,Movie,2025,83
CT04426,Also Management,Drama,Movie,2020,98
CT04427,Boy Maintain,Drama,Series,2019,23
CT04428,Good Support,Action,Series,2015,22
CT04429,Usually Foot,Sci-Fi,Movie,2025,122
CT04430,Difference Nearly,Thriller,Movie,2024,106
CT04431,Return Company,Action,Movie,2014,111
CT04432,Least Fact,Drama,Movie,2013,94
CT04433,Owner Especially,Comedy,Series,2023,47
CT04434,Data Reach,Thriller,Series,2023,38
CT04435,Forward First,Documentary,Series,2011,20
CT04436,Store Process,Drama,Movie,2014,168
CT04437,Hour Thing,Drama,Movie,2026,86
CT04438,Later Nice,Documentary,Movie,2018,139
CT04439,Recognize Effect,Action,Movie,2010,153
CT04440,Total Southern,Action,Movie,2016,170
CT04441,Program Management,Animation,Movie,2015,129
CT04442,Something Arm,Romance,Movie,2022,127
CT04443,Partner Area,Documentary,Series,2018,52
CT04444,World Right,Thriller,Movie,2016,152
CT04445,Team Identify,Thriller,Series,2016,24
CT04446,Late Something,Romance,Series,2013,38
CT04447,Health Total,Romance,Series,2012,56
CT04448,Final Support,Documentary,Series,2023,48
CT04449,Whole Cover,Documentary,Series,2010,45
CT04450,Break Thought,Animation,Movie,2017,126
CT04451,Actually Family,Romance,Series,2019,63
CT04452,Develop Wrong,Thriller,Movie,2012,90
CT04453,Scene Past,Sci-Fi,Series,2022,56
CT04454,Who Energy,Sci-Fi,Movie,2011,80
CT04455,Traditional Stop,Romance,Series,2018,65
CT04456,Thousand Benefit,Thriller,Movie,2021,92
CT04457,Land Record,Thriller,Movie,2019,141
CT04458,Day Religious,Documentary,Movie,2010,115
CT04459,Tough Wrong,Thriller,Movie,2023,153
CT04460,Audience Somebody,Thriller,Movie,2022,156
CT04461,Manage Environmental,Animation,Series,2013,60
CT04462,Technology Current,Sci-Fi,Movie,2018,108
CT04463,Election Pressure,Romance,Series,2012,53
CT04464,They Represent,Thriller,Movie,2025,104
CT04465,Society Democratic,Action,Series,2026,49
CT04466,Live Newspaper,Drama,Series,2023,57
CT04467,Two Policy,Documentary,Series,2012,48
CT04468,Talk Off,Thriller,Series,2016,52
CT04469,Leave Beyond,Romance,Movie,2012,124
CT04470,Eye Nothing,Romance,Series,2022,50
CT04471,Brother One,Action,Series,2017,63
CT04472,Prevent Area,Drama,Movie,2023,83
CT04473,Human Glass,Sci-Fi,Movie,2012,144
CT04474,Action Think,Documentary,Series,2010,36
CT04475,Measure Crime,Comedy,Movie,2026,141
CT04476,Song Note,Romance,Movie,2020,87
CT04477,She Parent,Action,Movie,2020,136
CT04478,Network Ball,Documentary,Movie,2014,152
CT04479,Next Hold,Action,Movie,2017,137
CT04480,Know Message,Sci-Fi,Series,2018,48
CT04481,Per Perhaps,Action,Series,2024,65
CT04482,Fly Face,Sci-Fi,Series,2017,23
CT04483,Page Begin,Thriller,Series,2014,21
CT04484,Common Read,Action,Movie,2026,117
CT04485,Plant Once,Sci-Fi,Movie,2025,98
CT04486,Whom Bill,Sci-Fi,Series,2022,42
CT04487,Quality Get,Thriller,Series,2025,62
CT04488,Such Partner,Comedy,Movie,2019,99
CT04489,Similar Campaign,Sci-Fi,Series,2021,49
CT04490,Country But,Romance,Series,2020,67
CT04491,Should Change,Action,Movie,2024,128
CT04492,Seem Clearly,Drama,Movie,2013,159
CT04493,Court Financial,Romance,Movie,2011,127
CT04494,Growth Very,Sci-Fi,Series,2011,57
CT04495,Citizen Interesting,Thriller,Movie,2023,169
CT04496,Born Director,Romance,Movie,2025,178
CT04497,Common Low,Romance,Movie,2022,121
CT04498,Might Power,Animation,Series,2016,34
CT04499,Friend Throughout,Drama,Movie,2022,173
CT04500,Force Audience,Animation,Series,2014,38
CT04501,Worry Choose,Sci-Fi,Movie,2026,163
CT04502,Treatment Nearly,Comedy,Movie,2016,170
CT04503,City Quality,Action,Series,2020,27
CT04504,Benefit Ball,Animation,Movie,2012,86
CT04505,The Hair,Sci-Fi,Series,2023,49
CT04506,Really Blood,Documentary,Movie,2024,178
CT04507,Commercial Time,Action,Series,2018,38
CT04508,School Instead,Action,Movie,2018,119
CT04509,World Often,Thriller,Movie,2020,108
CT04510,Play Point,Drama,Movie,2023,86
CT04511,Anyone Republican,Drama,Movie,2022,104
CT04512,Degree Concern,Sci-Fi,Series,2016,60
CT04513,Community Poor,Animation,Movie,2021,102
CT04514,Maintain Out,Animation,Series,2013,21
CT04515,Eye Especially,Action,Movie,2015,150
CT04516,Sound Event,Romance,Movie,2016,94
CT04517,Better Coach,Action,Movie,2021,173
CT04518,Citizen Factor,Sci-Fi,Movie,2011,113
CT04519,Bag Paper,Animation,Movie,2017,83
CT04520,Offer Rich,Romance,Movie,2016,90
CT04521,Blood Real,Comedy,Movie,2024,146
CT04522,Foot Simply,Animation,Series,2011,37
CT04523,Subject Economic,Animation,Movie,2022,94
CT04524,Interest Section,Drama,Movie,2017,151
CT04525,Stand Establish,Drama,Movie,2011,131
CT04526,Front Hair,Thriller,Movie,2023,170
CT04527,Family Bill,Drama,Series,2023,39
CT04528,Chair Under,Animation,Series,2023,31
CT04529,Ground They,Action,Movie,2010,98
CT04530,Reality Floor,Romance,Movie,2015,105
CT04531,Yard Want,Thriller,Movie,2024,127
CT04532,Authority South,Drama,Series,2022,57
CT04533,Final Level,Drama,Series,2026,47
CT04534,Such Worry,Romance,Movie,2019,83
CT04535,Approach Environment,Thriller,Series,2018,42
CT04536,Once Eight,Drama,Series,2019,33
CT04537,Them North,Action,Movie,2026,168
CT04538,Policy Same,Documentary,Movie,2026,165
CT04539,Health Truth,Romance,Movie,2026,168
CT04540,Group Outside,Romance,Series,2024,56
CT04541,Popular Such,Sci-Fi,Movie,2020,133
CT04542,Family Trip,Romance,Series,2016,69
CT04543,Concern Himself,Romance,Movie,2021,168
CT04544,Talk Picture,Comedy,Movie,2018,100
CT04545,Fine Financial,Documentary,Series,2025,39
CT04546,Hear Term,Romance,Movie,2019,145
CT04547,Smile Local,Thriller,Series,2018,59
CT04548,Idea Money,Thriller,Movie,2023,142
CT04549,Condition The,Drama,Movie,2026,121
CT04550,Push Attention,Action,Series,2020,38
CT04551,Industry Enough,Drama,Movie,2019,145
CT04552,Send Pay,Thriller,Movie,2010,101
CT04553,Once Region,Romance,Movie,2013,158
CT04554,Traditional Recently,Drama,Movie,2025,117
CT04555,Crime Lose,Documentary,Movie,2011,146
CT04556,Physical Wonder,Sci-Fi,Series,2020,48
CT04557,Education Cup,Thriller,Series,2015,27
CT04558,Successful Industry,Animation,Movie,2012,99
CT04559,Table Upon,Sci-Fi,Movie,2025,133
CT04560,Imagine Continue,Romance,Series,2015,69
CT04561,Protect Process,Drama,Series,2016,35
CT04562,White Day,Comedy,Series,2020,70
CT04563,Head Bill,Drama,Movie,2011,116
CT04564,Up Ok,Romance,Series,2011,30
CT04565,Indeed Usually,Thriller,Movie,2016,177
CT04566,Give Do,Action,Series,2022,46
CT04567,Surface Provide,Documentary,Movie,2010,138
CT04568,Thank Its,Drama,Movie,2011,98
CT04569,They Without,Sci-Fi,Movie,2013,114
CT04570,Health Performance,Romance,Movie,2021,107
CT04571,Security Speech,Thriller,Movie,2019,141
CT04572,Huge Money,Drama,Series,2016,25
CT04573,Book Career,Documentary,Movie,2026,164
CT04574,Part Night,Animation,Series,2016,38
CT04575,Method Let,Drama,Series,2021,21
CT04576,Hard When,Thriller,Series,2015,52
CT04577,Agent Experience,Action,Movie,2017,103
CT04578,Price Interesting,Romance,Series,2015,55
CT04579,Time Worry,Action,Series,2020,65
CT04580,Read Court,Documentary,Movie,2012,132
CT04581,Wife Company,Romance,Series,2022,45
CT04582,Agency Know,Documentary,Series,2024,35
CT04583,Remember Recently,Documentary,Movie,2011,167
CT04584,Wait Nation,Romance,Series,2010,25
CT04585,Property Pay,Sci-Fi,Movie,2016,150
CT04586,North Face,Sci-Fi,Movie,2019,155
CT04587,Pay Team,Sci-Fi,Movie,2021,100
CT04588,Would Section,Sci-Fi,Movie,2023,154
CT04589,Run Particular,Romance,Series,2016,20
CT04590,Page Party,Thriller,Series,2026,26
CT04591,Option Series,Romance,Series,2015,40
CT04592,Green Paper,Drama,Series,2016,69
CT04593,Job Remain,Comedy,Series,2026,36
CT04594,Indeed Citizen,Documentary,Movie,2011,117
CT04595,There Deep,Romance,Series,2016,21
CT04596,Heart Concern,Comedy,Movie,2025,88
CT04597,Night Order,Thriller,Series,2024,67
CT04598,Perform School,Animation,Movie,2016,118
CT04599,Ahead Adult,Animation,Movie,2024,81
CT04600,All None,Sci-Fi,Movie,2010,93
CT04601,Positive Another,Action,Series,2021,41
CT04602,Somebody Early,Sci-Fi,Movie,2018,97
CT04603,Phone Community,Documentary,Movie,2013,168
CT04604,Mission Them,Thriller,Movie,2014,173
CT04605,Lead Hospital,Comedy,Series,2019,40
CT04606,Defense Morning,Comedy,Series,2015,64
CT04607,Score Message,Sci-Fi,Movie,2013,87
CT04608,Girl Weight,Romance,Series,2025,33
CT04609,Feeling Follow,Thriller,Series,2015,22
CT04610,Skill Pm,Drama,Movie,2018,166
CT04611,Matter Sea,Romance,Movie,2026,86
CT04612,Poor Bar,Animation,Series,2010,66
CT04613,Animal Central,Thriller,Movie,2024,130
CT04614,Only Action,Action,Series,2021,60
CT04615,Attack Stage,Sci-Fi,Movie,2026,113
CT04616,People South,Sci-Fi,Movie,2022,129
CT04617,Activity Inside,Comedy,Movie,2025,112
CT04618,Money A,Drama,Movie,2017,169
CT04619,Tree Writer,Documentary,Movie,2014,92
CT04620,Someone Look,Romance,Movie,2016,143
CT04621,Pattern Price,Animation,Movie,2018,111
CT04622,Offer Certainly,Documentary,Series,2018,70
CT04623,Mention Own,Documentary,Movie,2019,92
CT04624,Idea Any,Sci-Fi,Movie,2015,165
CT04625,Best Officer,Romance,Movie,2011,105
CT04626,Star Benefit,Animation,Movie,2015,123
CT04627,Stay Under,Animation,Movie,2025,149
CT04628,Could Cost,Documentary,Movie,2026,84
CT04629,Maintain Rather,Comedy,Series,2021,58
CT04630,Discussion Phone,Action,Series,2013,59
CT04631,Expert Good,Animation,Series,2017,38
CT04632,Reach Join,Animation,Series,2025,65
CT04633,Through Wonder,Action,Movie,2013,168
CT04634,Defense Interview,Thriller,Series,2017,41
CT04635,Religious Country,Documentary,Movie,2018,178
CT04636,Join Understand,Sci-Fi,Movie,2018,169
CT04637,Girl Garden,Thriller,Movie,2014,129
CT04638,Example Election,Thriller,Movie,2011,140
CT04639,Water Blood,Action,Movie,2017,161
CT04640,Miss This,Comedy,Movie,2017,100
CT04641,Her Woman,Thriller,Series,2023,66
CT04642,Research See,Thriller,Series,2025,44
CT04643,Skin Order,Action,Series,2026,53
CT04644,Dinner Might,Animation,Series,2023,25
CT04645,Unit Must,Thriller,Series,2017,24
CT04646,Decide Move,Drama,Series,2021,64
CT04647,Science Yes,Romance,Movie,2024,92
CT04648,Seven Newspaper,Drama,Movie,2017,83
CT04649,Represent Drug,Drama,Movie,2011,117
CT04650,Especially Language,Sci-Fi,Movie,2023,89
CT04651,Give Commercial,Romance,Movie,2024,112
CT04652,Thank Current,Romance,Series,2014,41
CT04653,Long Upon,Action,Series,2018,64
CT04654,Resource Everybody,Drama,Series,2017,24
CT04655,His Case,Documentary,Movie,2018,137
CT04656,Standard Minute,Animation,Series,2014,39
CT04657,Really Blue,Comedy,Movie,2020,155
CT04658,Finally Smile,Thriller,Movie,2018,87
CT04659,Eye Walk,Animation,Series,2015,46
CT04660,Of Perform,Drama,Movie,2023,113
CT04661,Before What,Drama,Movie,2012,179
CT04662,Consider Practice,Thriller,Movie,2018,164
CT04663,Challenge Material,Documentary,Movie,2012,135
CT04664,Attack Ground,Action,Movie,2015,105
CT04665,Former Poor,Romance,Series,2013,42
CT04666,Miss Bed,Romance,Movie,2017,173
CT04667,Half Hard,Romance,Series,2017,66
CT04668,Leave Instead,Drama,Movie,2025,90
CT04669,Recognize Officer,Sci-Fi,Series,2010,25
CT04670,Simple Alone,Documentary,Movie,2019,116
CT04671,Knowledge Knowledge,Sci-Fi,Movie,2013,172
CT04672,Plant Modern,Comedy,Movie,2011,168
CT04673,Why Represent,Romance,Movie,2019,81
CT04674,As Fear,Documentary,Movie,2010,92
CT04675,Board Watch,Action,Series,2018,58
CT04676,Minute Firm,Animation,Movie,2011,86
CT04677,Bad Arm,Romance,Movie,2024,146
CT04678,It Seat,Romance,Series,2025,39
CT04679,Put Reach,Drama,Series,2016,55
CT04680,Laugh Cut,Romance,Movie,2010,125
CT04681,Former Six,Sci-Fi,Movie,2013,107
CT04682,Travel Most,Comedy,Series,2017,59
CT04683,Daughter Work,Animation,Series,2011,35
CT04684,Sing Evidence,Romance,Movie,2019,88
CT04685,Religious Smile,Romance,Movie,2014,107
CT04686,Admit Democrat,Action,Movie,2016,162
CT04687,American Up,Romance,Series,2022,55
CT04688,Economic Magazine,Action,Movie,2023,154
CT04689,Church Know,Action,Movie,2015,120
CT04690,Organization Strong,Comedy,Movie,2015,127
CT04691,Group Everything,Documentary,Series,2022,48
CT04692,Pick Window,Animation,Movie,2019,90
CT04693,Group Large,Comedy,Movie,2024,167
CT04694,Across There,Comedy,Movie,2013,139
CT04695,Source Democrat,Documentary,Series,2021,61
CT04696,Country Season,Drama,Series,2021,58
CT04697,Mind Smile,Documentary,Movie,2025,169
CT04698,Yourself Discussion,Drama,Series,2022,39
CT04699,Describe Hear,Thriller,Series,2024,35
CT04700,Discuss Strategy,Action,Movie,2011,132
CT04701,Military Central,Action,Series,2013,41
CT04702,Article Find,Romance,Movie,2022,121
CT04703,That Much,Thriller,Movie,2025,108
CT04704,Traditional Natural,Drama,Series,2010,28
CT04705,Stock Still,Animation,Movie,2026,111
CT04706,Wind Many,Thriller,Series,2026,29
CT04707,Manager Almost,Romance,Movie,2014,136
CT04708,Imagine Glass,Romance,Movie,2013,109
CT04709,Kind Individual,Romance,Movie,2022,104
CT04710,Smile Hope,Documentary,Movie,2020,138
CT04711,Government Behind,Romance,Movie,2013,156
CT04712,Health Sound,Comedy,Movie,2011,95
CT04713,Finish Work,Sci-Fi,Movie,2018,147
CT04714,Feeling Tax,Comedy,Series,2016,20
CT04715,Rise Performance,Sci-Fi,Series,2013,31
CT04716,Dream Simply,Romance,Movie,2020,123
CT04717,All Interesting,Drama,Movie,2019,85
CT04718,Chance Beat,Thriller,Movie,2021,160
CT04719,Race Theory,Drama,Movie,2026,96
CT04720,Himself Skill,Comedy,Movie,2024,173
CT04721,Director Bit,Thriller,Series,2020,62
CT04722,Author Main,Animation,Movie,2016,99
CT04723,Accept Especially,Thriller,Series,2018,47
CT04724,Serve Forget,Comedy,Movie,2012,130
CT04725,Source Mr,Thriller,Series,2011,43
CT04726,Appear Experience,Action,Series,2026,29
CT04727,Environmental Thing,Animation,Movie,2024,149
CT04728,Move Plan,Drama,Series,2025,61
CT04729,Value Medical,Sci-Fi,Movie,2013,179
CT04730,Direction Suffer,Action,Movie,2024,101
CT04731,Interesting Source,Thriller,Series,2019,45
CT04732,Allow Process,Drama,Movie,2023,116
CT04733,Occur Report,Comedy,Series,2019,54
CT04734,Pull Far,Action,Series,2024,26
CT04735,Single View,Animation,Movie,2012,111
CT04736,Good Water,Comedy,Movie,2014,164
CT04737,Improve Laugh,Documentary,Series,2016,27
CT04738,Production Actually,Animation,Movie,2019,99
CT04739,Political Must,Thriller,Series,2016,29
CT04740,Party Cold,Animation,Series,2026,36
CT04741,Investment Member,Comedy,Movie,2019,107
CT04742,Around Itself,Documentary,Movie,2021,81
CT04743,Successful Pattern,Drama,Movie,2019,176
CT04744,Indicate Church,Thriller,Series,2026,60
CT04745,Personal Hit,Documentary,Series,2024,36
CT04746,City Show,Documentary,Series,2024,56
CT04747,Set Manage,Documentary,Movie,2022,169
CT04748,Protect Them,Romance,Movie,2026,161
CT04749,Better Style,Romance,Movie,2021,128
CT04750,Film Door,Action,Movie,2022,144
CT04751,For Describe,Action,Series,2018,40
CT04752,Weight Serious,Animation,Movie,2014,135
CT04753,Put Perform,Romance,Movie,2015,166
CT04754,Right Arm,Thriller,Series,2013,39
CT04755,Sell New,Animation,Series,2015,60
CT04756,Center Sea,Drama,Series,2011,38
CT04757,Tv Again,Thriller,Series,2010,62
CT04758,Political Discuss,Action,Series,2010,65
CT04759,Cold Yeah,Romance,Series,2020,25
CT04760,Range Task,Romance,Series,2014,65
CT04761,Last Exist,Drama,Series,2016,32
CT04762,With Laugh,Sci-Fi,Series,2017,28
CT04763,Dog Stop,Documentary,Movie,2023,102
CT04764,Rest Fall,Sci-Fi,Movie,2016,172
CT04765,Wrong Power,Action,Movie,2022,87
CT04766,Nature Mouth,Romance,Movie,2022,141
CT04767,Show Key,Comedy,Series,2016,24
CT04768,Scientist Walk,Thriller,Series,2023,22
CT04769,Different Pick,Comedy,Movie,2023,149
CT04770,Mission Around,Documentary,Series,2022,69
CT04771,College Hard,Romance,Movie,2025,112
CT04772,Officer Dark,Romance,Series,2022,29
CT04773,Little Population,Thriller,Series,2013,42
CT04774,Risk Know,Drama,Series,2011,44
CT04775,Record From,Animation,Movie,2025,125
CT04776,Eat Material,Drama,Series,2023,55
CT04777,Likely On,Thriller,Series,2013,57
CT04778,Others Seat,Thriller,Series,2012,29
CT04779,Painting Knowledge,Documentary,Movie,2013,149
CT04780,Likely Lawyer,Sci-Fi,Movie,2011,116
CT04781,Hair Sing,Romance,Movie,2010,179
CT04782,Network Perform,Sci-Fi,Movie,2017,144
CT04783,Model Let,Animation,Series,2021,53
CT04784,Rather Learn,Action,Series,2015,65
CT04785,Next Study,Thriller,Movie,2016,94
CT04786,Consider Develop,Comedy,Movie,2014,125
CT04787,Continue Message,Comedy,Series,2013,58
CT04788,Anything Writer,Documentary,Series,2021,23
CT04789,Include Child,Romance,Movie,2012,135
CT04790,Think Notice,Animation,Series,2023,66
CT04791,Change Light,Comedy,Series,2011,24
CT04792,Week Still,Animation,Series,2026,57
CT04793,Other American,Romance,Series,2010,28
CT04794,Rise Military,Action,Series,2018,57
CT04795,Data Room,Comedy,Series,2023,66
CT04796,Heavy Product,Romance,Series,2014,29
CT04797,Technology Run,Documentary,Movie,2012,176
CT04798,Indicate Indeed,Thriller,Movie,2026,102
CT04799,Deep Thus,Animation,Movie,2016,89
CT04800,Still Cultural,Comedy,Movie,2014,113
CT04801,Hair Decade,Animation,Movie,2015,101
CT04802,Article First,Thriller,Movie,2010,130
CT04803,See Subject,Thriller,Movie,2011,119
CT04804,Main Include,Sci-Fi,Movie,2011,146
CT04805,Hear Benefit,Thriller,Series,2012,37
CT04806,Writer Start,Thriller,Series,2010,64
CT04807,Whole Evening,Documentary,Series,2014,49
CT04808,Become Hair,Comedy,Movie,2016,168
CT04809,Product Amount,Documentary,Series,2017,68
CT04810,Leg College,Animation,Series,2023,46
CT04811,These Able,Animation,Movie,2016,113
CT04812,Quite Article,Animation,Movie,2010,88
CT04813,Artist Without,Thriller,Movie,2013,139
CT04814,Same Most,Romance,Movie,2018,110
CT04815,Guess Little,Comedy,Movie,2024,90
CT04816,Laugh Those,Documentary,Series,2020,37
CT04817,His My,Action,Movie,2012,92
CT04818,Religious His,Drama,Series,2022,23
CT04819,Ask Thus,Drama,Series,2014,52
CT04820,Enter Month,Animation,Movie,2018,160
CT04821,Form Wall,Romance,Movie,2010,147
CT04822,What Hot,Thriller,Movie,2021,162
CT04823,Store Community,Comedy,Movie,2022,142
CT04824,Despite Likely,Documentary,Movie,2020,148
CT04825,Share Citizen,Comedy,Movie,2015,108
CT04826,Wife Apply,Sci-Fi,Movie,2025,119
CT04827,Window Take,Sci-Fi,Series,2011,45
CT04828,Now Receive,Comedy,Movie,2013,92
CT04829,Leg Service,Documentary,Series,2010,55
CT04830,Statement Than,Romance,Movie,2022,145
CT04831,Painting Foreign,Romance,Series,2015,39
CT04832,Whom Including,Comedy,Movie,2023,124
CT04833,Boy Miss,Action,Series,2019,31
CT04834,Simple Response,Animation,Movie,2015,112
CT04835,Include Case,Romance,Movie,2025,111
CT04836,Whole Final,Animation,Movie,2019,116
CT04837,Once Respond,Thriller,Series,2019,63
CT04838,Account Tv,Action,Series,2016,63
CT04839,Organization Either,Documentary,Movie,2022,120
CT04840,Someone Explain,Drama,Movie,2016,98
CT04841,Provide Occur,Romance,Movie,2023,118
CT04842,Rise Head,Documentary,Series,2017,34
CT04843,Still Hundred,Thriller,Series,2025,45
CT04844,Upon Change,Action,Movie,2013,145
CT04845,Appear Just,Drama,Movie,2026,80
CT04846,There Risk,Romance,Movie,2012,90
CT04847,Court Thus,Documentary,Series,2020,51
CT04848,Work Play,Comedy,Movie,2014,87
CT04849,Soldier Fill,Thriller,Movie,2013,150
CT04850,Economy Whether,Drama,Movie,2023,106
CT04851,Account Truth,Drama,Series,2013,54
CT04852,Cell Gun,Comedy,Series,2014,49
CT04853,Clearly Report,Documentary,Series,2014,57
CT04854,Civil Drop,Animation,Series,2016,50
CT04855,Scene Beyond,Documentary,Series,2012,68
CT04856,Nice Near,Romance,Movie,2023,81
CT04857,Within Rather,Romance,Series,2019,22
CT04858,Front Perhaps,Animation,Movie,2023,114
CT04859,Air Training,Animation,Movie,2019,168
CT04860,Interest Bar,Drama,Series,2016,20
CT04861,Off Good,Drama,Series,2024,54
CT04862,Phone Interview,Documentary,Movie,2021,122
CT04863,Cold General,Documentary,Series,2025,32
CT04864,Television Whose,Animation,Movie,2014,103
CT04865,Want Democrat,Romance,Movie,2013,94
CT04866,Nice Themselves,Animation,Movie,2019,174
CT04867,Type Major,Comedy,Series,2013,50
CT04868,Give Realize,Comedy,Movie,2016,125
CT04869,Hospital Pick,Documentary,Movie,2011,139
CT04870,Possible Direction,Sci-Fi,Series,2011,42
CT04871,Meet Crime,Drama,Movie,2015,88
CT04872,Outside House,Romance,Movie,2023,116
CT04873,Write Between,Romance,Movie,2025,167
CT04874,Hope Meet,Action,Movie,2016,131
CT04875,National Action,Drama,Movie,2016,158
CT04876,Ten Defense,Romance,Movie,2014,127
CT04877,Similar Another,Sci-Fi,Series,2012,37
CT04878,Artist Spend,Comedy,Movie,2016,128
CT04879,Beyond Recent,Sci-Fi,Series,2026,20
CT04880,Seem Thought,Action,Series,2016,51
CT04881,Main Thus,Comedy,Movie,2019,131
CT04882,Military Moment,Drama,Movie,2017,163
CT04883,Lawyer Long,Action,Movie,2019,175
CT04884,Class Against,Animation,Movie,2012,148
CT04885,Collection Recognize,Drama,Series,2012,29
CT04886,Data Too,Romance,Movie,2022,105
CT04887,Interview Reach,Comedy,Movie,2019,93
CT04888,Word Ready,Thriller,Movie,2023,161
CT04889,Serious Room,Animation,Movie,2013,117
CT04890,Front Hundred,Thriller,Movie,2012,179
CT04891,Service Never,Action,Movie,2026,126
CT04892,Black Forget,Comedy,Movie,2011,137
CT04893,Message Eat,Animation,Series,2018,47
CT04894,Speech Effect,Action,Series,2019,27
CT04895,Sport Which,Action,Movie,2010,94
CT04896,Share Model,Romance,Series,2014,23
CT04897,Care View,Thriller,Movie,2010,99
CT04898,Plant Environmental,Documentary,Movie,2012,103
CT04899,Scene Player,Animation,Movie,2018,125
CT04900,Difficult Almost,Drama,Movie,2022,90
CT04901,Increase Quickly,Sci-Fi,Series,2016,38
CT04902,Away Something,Documentary,Series,2017,38
CT04903,Sell Expect,Animation,Movie,2012,131
CT04904,When Color,Thriller,Series,2011,37
CT04905,List Project,Romance,Movie,2022,149
CT04906,Skill Though,Romance,Series,2013,39
CT04907,Discover Somebody,Romance,Movie,2016,91
CT04908,Mouth Hot,Sci-Fi,Movie,2021,108
CT04909,Meet Operation,Comedy,Movie,2026,175
CT04910,Situation Ago,Animation,Movie,2020,101
CT04911,Rich Address,Drama,Movie,2018,134
CT04912,Individual Guess,Action,Movie,2010,157
CT04913,Adult Suggest,Thriller,Movie,2024,137
CT04914,Approach Moment,Comedy,Series,2026,61
CT04915,Leave Last,Action,Series,2024,24
CT04916,Federal Me,Thriller,Movie,2019,141
CT04917,Visit Government,Comedy,Movie,2016,164
CT04918,Place Time,Animation,Series,2021,62
CT04919,Positive Ever,Thriller,Series,2011,59
CT04920,Position Generation,Sci-Fi,Series,2022,35
CT04921,Reality Wonder,Thriller,Movie,2020,102
CT04922,Election Thought,Thriller,Movie,2014,148
CT04923,Human Care,Documentary,Movie,2019,178
CT04924,He To,Action,Movie,2010,127
CT04925,Reality Institution,Comedy,Movie,2026,145
CT04926,Either Material,Action,Movie,2017,131
CT04927,Serious Process,Drama,Movie,2014,114
CT04928,Away Ball,Sci-Fi,Movie,2012,103
CT04929,Take Teacher,Action,Movie,2026,142
CT04930,Rich Success,Action,Movie,2020,88
CT04931,Strategy Lot,Documentary,Movie,2019,163
CT04932,History However,Drama,Series,2016,40
CT04933,How Figure,Thriller,Movie,2020,137
CT04934,Direction Energy,Comedy,Movie,2013,84
CT04935,Financial Everybody,Romance,Movie,2013,94
CT04936,Nearly No,Thriller,Movie,2016,128
CT04937,Bed Travel,Sci-Fi,Series,2018,61
CT04938,Do Hour,Action,Movie,2025,110
CT04939,Window More,Sci-Fi,Movie,2019,157
CT04940,Science Culture,Action,Series,2026,38
CT04941,Size Remain,Comedy,Movie,2018,108
CT04942,Side Hit,Drama,Movie,2019,130
CT04943,Scientist Pay,Sci-Fi,Series,2012,45
CT04944,Already Huge,Documentary,Series,2018,40
CT04945,Edge Eye,Comedy,Movie,2022,93
CT04946,Attention Central,Drama,Series,2021,25
CT04947,Write Vote,Romance,Series,2026,28
CT04948,Color Leg,Romance,Movie,2013,165
CT04949,Book Actually,Animation,Series,2024,28
CT04950,Card What,Comedy,Movie,2010,140
CT04951,Create Hear,Documentary,Movie,2019,119
CT04952,At Now,Sci-Fi,Movie,2023,137
CT04953,How Safe,Sci-Fi,Movie,2013,106
CT04954,Drug Sure,Comedy,Series,2024,24
CT04955,Develop Fear,Drama,Series,2026,58
CT04956,Politics Take,Documentary,Movie,2023,147
CT04957,Little Later,Documentary,Series,2019,50
CT04958,Voice Describe,Documentary,Series,2015,38
CT04959,Relationship Page,Thriller,Series,2020,21
CT04960,Enter Exactly,Sci-Fi,Series,2019,45
CT04961,East Democratic,Documentary,Series,2018,28
CT04962,Science Card,Thriller,Series,2011,26
CT04963,Choice High,Comedy,Series,2019,42
CT04964,Religious Seek,Documentary,Series,2020,28
CT04965,Box Practice,Sci-Fi,Series,2010,63
CT04966,Suddenly Keep,Documentary,Series,2016,51
CT04967,Same Option,Sci-Fi,Series,2014,35
CT04968,Accept Old,Thriller,Movie,2022,176
CT04969,Appear Send,Romance,Series,2021,65
CT04970,Officer Word,Comedy,Series,2023,54
CT04971,Anything Today,Documentary,Movie,2011,91
CT04972,Very Town,Action,Series,2025,54
CT04973,Us Change,Comedy,Movie,2015,126
CT04974,Strong Civil,Documentary,Movie,2025,123
CT04975,Popular Develop,Sci-Fi,Movie,2015,131
CT04976,Meet Agree,Animation,Movie,2020,152
CT04977,Leave Tax,Animation,Movie,2021,122
CT04978,Huge Across,Sci-Fi,Series,2013,68
CT04979,Toward Home,Comedy,Series,2016,39
CT04980,Even Five,Action,Series,2022,43
CT04981,Try Near,Romance,Series,2016,48
CT04982,None Eat,Romance,Movie,2016,172
CT04983,Fund My,Animation,Movie,2019,92
CT04984,Successful Various,Animation,Movie,2012,178
CT04985,Community Cover,Animation,Movie,2019,143
CT04986,Address Grow,Thriller,Series,2014,43
CT04987,Describe Nice,Thriller,Series,2016,30
CT04988,Above Magazine,Drama,Series,2010,45
CT04989,Lose Eat,Action,Series,2022,25
CT04990,Miss Question,Comedy,Movie,2013,114
CT04991,This Past,Thriller,Movie,2019,100
CT04992,Several It,Animation,Movie,2014,103
CT04993,Else State,Documentary,Series,2019,22
CT04994,Bad Every,Comedy,Movie,2020,136
CT04995,Law Environment,Comedy,Movie,2011,156
CT04996,Experience Nation,Drama,Movie,2014,144
CT04997,Development Street,Sci-Fi,Movie,2025,102
CT04998,Cause Culture,Comedy,Movie,2024,142
CT04999,Policy White,Documentary,Movie,2011,108
CT05000,Significant Top,Action,Series,2026,22
